Workbook

Sheet XetBac
A1: BẢNG TÍNH ĐIỂM XẾP HẠNG & XÉT BẬC – Stylist / Skinner / Supporter (chính sách từ 01/10/2026)
A2: Ô màu VÀNG = nhập số liệu kỳ xét (3 tháng). Ô màu XANH = công thức tự tính, không sửa. Áp dụng cho Level 1–5. Xem sheet HuongDan.
A3: DỮ LIỆU NHẬP | P3: TỰ ĐỘNG TÍNH | AB3: KẾT QUẢ
A4: STT | B4: Họ tên | C4: Vị trí | D4: Bậc hiện tại (1–5) | E4: Nhóm salon (1–4) | F4: Doanh thu đóng góp (VNĐ) | G4: Tổng lượt khách phục vụ | H4: Lượt khách book đích danh | I4: Số bill bị đánh giá 1–3 sao | J4: Số lỗi gian lận | K4: Số lỗi mức Cấm | L4: Số lỗi mức Lỗi | M4: Đạt tiêu chí năng lực? | N4: Đạt DT tối thiểu bậc trên? | O4: Còn chỗ trống bậc trên? | P4: Nhóm xếp hạng | Q4: Tỷ lệ book đích danh | R4: Tỷ lệ bill 1–3 sao | S4: P doanh thu (cao hơn x% người cùng nhóm) | T4: P book đích danh | U4: ĐIỂM XẾP HẠNG | V4: Thứ hạng | W4: Số người cùng nhóm | X4: TOP % | Y4: Đạt điều kiện cần? | Z4: Ngưỡng LÊN bậc trên | AA4: Ngưỡng GIỮ bậc hiện tại | AB4: KẾT QUẢ XÉT BẬC
A5: 1 | B5: Nguyễn Văn A | C5: Stylist | D5: 2 | E5: 1 | F5: 420000000 | G5: 900 | H5: 120 | I5: 1 | J5: 0 | K5: 0 | L5: 1 | M5: Có | N5: Có | O5: Có | P5: =IF($B5="","",IF(AND($C5="Supporter",$E5=4),3,$E5)) -> 1 | Q5: =IF($B5="","",IF($G5>0,$H5/$G5,0)) -> 0.13333333 | R5: =IF($B5="","",IF($G5>0,$I5/$G5,0)) -> 0.0011111111 | S5: =IF($B5="","",IF($W5<=1,100,COUNTIFS($C$5:$C$204,$C5,$P$5:$P$204,$P5,$F$5:$F$204,"<"&$F5)/($W5-1)*100)) -> 50 | T5: =IF($B5="","",IF($C5="Supporter","-",IF($W5<=1,100,COUNTIFS($C$5:$C$204,$C5,$P$5:$P$204,$P5,$Q$5:$Q$204,"<"&$Q5)/($W5-1)*100))) -> 50 | U5: =IF($B5="","",IF($C5="Supporter",$S5,0.85*$S5+0.15*$T5)) -> 50 | V5: =IF($B5="","",COUNTIFS($C$5:$C$204,$C5,$P$5:$P$204,$P5,$U$5:$U$204,">"&$U5)+1) -> 3 | W5: =IF($B5="","",COUNTIFS($C$5:$C$204,$C5,$P$5:$P$204,$P5)) -> 5 | X5: =IF($B5="","",$V5/$W5) -> 0.6 | Y5: =IF($B5="","",IF(AND($M5="Có",$J5<=Nguong!$B$16,$K5<=Nguong!$B$17,$L5<=Nguong!$B$18,$R5<=INDEX(Nguong!$B$4:$B$8,$D5)),"Đạt","Không đạt")) -> Đạt | Z5: =IF($B5="","",IF($D5>=5,"-",INDEX(IF($C5="Supporter",Nguong!$E$4:$E$8,Nguong!$C$4:$C$8),$D5+1))) -> 0.15 | AA5: =IF($B5="","",INDEX(IF($C5="Supporter",Nguong!$F$4:$F$8,Nguong!$D$4:$D$8),$D5)) -> 0.5 | AB5: =IF($B5="","",IF($Y5="Không đạt",IF($D5=1,"Không đạt ĐK cần – SM/GĐKV xem xét","Xuống Level "&($D5-1)&" (không đạt ĐK cần)"),IF(AND($D5<5,$Z5<>"-",$X5<=$Z5,$N5="Có",$O5="Có"),"Lên Level "&($D5+1),IF($X5<=$AA5,"Giữ Level "&$D5,"Xuống Level "&($D5-1)&" (ngoài ngưỡng giữ)")))) -> Xuống Level 1 (ngoài ngưỡng giữ)
A6: 2 | B6: Trần Thị B | C6: Stylist | D6: 4 | E6: 1 | F6: 510000000 | G6: 950 | H6: 200 | I6: 1 | J6: 0 | K6: 0 | L6: 0 | M6: Có | N6: Có | O6: Có | P6: =IF($B6="","",IF(AND($C6="Supporter",$E6=4),3,$E6)) -> 1 | Q6: =IF($B6="","",IF($G6>0,$H6/$G6,0)) -> 0.21052632 | R6: =IF($B6="","",IF($G6>0,$I6/$G6,0)) -> 0.0010526316 | S6: =IF($B6="","",IF($W6<=1,100,COUNTIFS($C$5:$C$204,$C6,$P$5:$P$204,$P6,$F$5:$F$204,"<"&$F6)/($W6-1)*100)) -> 75 | T6: =IF($B6="","",IF($C6="Supporter","-",IF($W6<=1,100,COUNTIFS($C$5:$C$204,$C6,$P$5:$P$204,$P6,$Q$5:$Q$204,"<"&$Q6)/($W6-1)*100))) -> 75 | U6: =IF($B6="","",IF($C6="Supporter",$S6,0.85*$S6+0.15*$T6)) -> 75 | V6: =IF($B6="","",COUNTIFS($C$5:$C$204,$C6,$P$5:$P$204,$P6,$U$5:$U$204,">"&$U6)+1) -> 2 | W6: =IF($B6="","",COUNTIFS($C$5:$C$204,$C6,$P$5:$P$204,$P6)) -> 5 | X6: =IF($B6="","",$V6/$W6) -> 0.4 | Y6: =IF($B6="","",IF(AND($M6="Có",$J6<=Nguong!$B$16,$K6<=Nguong!$B$17,$L6<=Nguong!$B$18,$R6<=INDEX(Nguong!$B$4:$B$8,$D6)),"Đạt","Không đạt")) -> Đạt | Z6: =IF($B6="","",IF($D6>=5,"-",INDEX(IF($C6="Supporter",Nguong!$E$4:$E$8,Nguong!$C$4:$C$8),$D6+1))) -> 0.02 | AA6: =IF($B6="","",INDEX(IF($C6="Supporter",Nguong!$F$4:$F$8,Nguong!$D$4:$D$8),$D6)) -> 0.1 | AB6: =IF($B6="","",IF($Y6="Không đạt",IF($D6=1,"Không đạt ĐK cần – SM/GĐKV xem xét","Xuống Level "&($D6-1)&" (không đạt ĐK cần)"),IF(AND($D6<5,$Z6<>"-",$X6<=$Z6,$N6="Có",$O6="Có"),"Lên Level "&($D6+1),IF($X6<=$AA6,"Giữ Level "&$D6,"Xuống Level "&($D6-1)&" (ngoài ngưỡng giữ)")))) -> Xuống Level 3 (ngoài ngưỡng giữ)
A7: 3 | B7: Lê Văn C | C7: Stylist | D7: 3 | E7: 1 | F7: 300000000 | G7: 820 | H7: 60 | I7: 1 | J7: 0 | K7: 1 | L7: 0 | M7: Có | N7: Không | O7: Có | P7: =IF($B7="","",IF(AND($C7="Supporter",$E7=4),3,$E7)) -> 1 | Q7: =IF($B7="","",IF($G7>0,$H7/$G7,0)) -> 0.073170732 | R7: =IF($B7="","",IF($G7>0,$I7/$G7,0)) -> 0.0012195122 | S7: =IF($B7="","",IF($W7<=1,100,COUNTIFS($C$5:$C$204,$C7,$P$5:$P$204,$P7,$F$5:$F$204,"<"&$F7)/($W7-1)*100)) -> 25 | T7: =IF($B7="","",IF($C7="Supporter","-",IF($W7<=1,100,COUNTIFS($C$5:$C$204,$C7,$P$5:$P$204,$P7,$Q$5:$Q$204,"<"&$Q7)/($W7-1)*100))) -> 25 | U7: =IF($B7="","",IF($C7="Supporter",$S7,0.85*$S7+0.15*$T7)) -> 25 | V7: =IF($B7="","",COUNTIFS($C$5:$C$204,$C7,$P$5:$P$204,$P7,$U$5:$U$204,">"&$U7)+1) -> 4 | W7: =IF($B7="","",COUNTIFS($C$5:$C$204,$C7,$P$5:$P$204,$P7)) -> 5 | X7: =IF($B7="","",$V7/$W7) -> 0.8 | Y7: =IF($B7="","",IF(AND($M7="Có",$J7<=Nguong!$B$16,$K7<=Nguong!$B$17,$L7<=Nguong!$B$18,$R7<=INDEX(Nguong!$B$4:$B$8,$D7)),"Đạt","Không đạt")) -> Đạt | Z7: =IF($B7="","",IF($D7>=5,"-",INDEX(IF($C7="Supporter",Nguong!$E$4:$E$8,Nguong!$C$4:$C$8),$D7+1))) -> 0.05 | AA7: =IF($B7="","",INDEX(IF($C7="Supporter",Nguong!$F$4:$F$8,Nguong!$D$4:$D$8),$D7)) -> 0.25 | AB7: =IF($B7="","",IF($Y7="Không đạt",IF($D7=1,"Không đạt ĐK cần – SM/GĐKV xem xét","Xuống Level "&($D7-1)&" (không đạt ĐK cần)"),IF(AND($D7<5,$Z7<>"-",$X7<=$Z7,$N7="Có",$O7="Có"),"Lên Level "&($D7+1),IF($X7<=$AA7,"Giữ Level "&$D7,"Xuống Level "&($D7-1)&" (ngoài ngưỡng giữ)")))) -> Xuống Level 2 (ngoài ngưỡng giữ)
A8: 4 | B8: Phạm Văn D | C8: Stylist | D8: 1 | E8: 1 | F8: 650000000 | G8: 980 | H8: 230 | I8: 1 | J8: 0 | K8: 0 | L8: 0 | M8: Có | N8: Có | O8: Có | P8: =IF($B8="","",IF(AND($C8="Supporter",$E8=4),3,$E8)) -> 1 | Q8: =IF($B8="","",IF($G8>0,$H8/$G8,0)) -> 0.23469388 | R8: =IF($B8="","",IF($G8>0,$I8/$G8,0)) -> 0.0010204082 | S8: =IF($B8="","",IF($W8<=1,100,COUNTIFS($C$5:$C$204,$C8,$P$5:$P$204,$P8,$F$5:$F$204,"<"&$F8)/($W8-1)*100)) -> 100 | T8: =IF($B8="","",IF($C8="Supporter","-",IF($W8<=1,100,COUNTIFS($C$5:$C$204,$C8,$P$5:$P$204,$P8,$Q$5:$Q$204,"<"&$Q8)/($W8-1)*100))) -> 100 | U8: =IF($B8="","",IF($C8="Supporter",$S8,0.85*$S8+0.15*$T8)) -> 100 | V8: =IF($B8="","",COUNTIFS($C$5:$C$204,$C8,$P$5:$P$204,$P8,$U$5:$U$204,">"&$U8)+1) -> 1 | W8: =IF($B8="","",COUNTIFS($C$5:$C$204,$C8,$P$5:$P$204,$P8)) -> 5 | X8: =IF($B8="","",$V8/$W8) -> 0.2 | Y8: =IF($B8="","",IF(AND($M8="Có",$J8<=Nguong!$B$16,$K8<=Nguong!$B$17,$L8<=Nguong!$B$18,$R8<=INDEX(Nguong!$B$4:$B$8,$D8)),"Đạt","Không đạt")) -> Đạt | Z8: =IF($B8="","",IF($D8>=5,"-",INDEX(IF($C8="Supporter",Nguong!$E$4:$E$8,Nguong!$C$4:$C$8),$D8+1))) -> 0.35 | AA8: =IF($B8="","",INDEX(IF($C8="Supporter",Nguong!$F$4:$F$8,Nguong!$D$4:$D$8),$D8)) -> 1 | AB8: =IF($B8="","",IF($Y8="Không đạt",IF($D8=1,"Không đạt ĐK cần – SM/GĐKV xem xét","Xuống Level "&($D8-1)&" (không đạt ĐK cần)"),IF(AND($D8<5,$Z8<>"-",$X8<=$Z8,$N8="Có",$O8="Có"),"Lên Level "&($D8+1),IF($X8<=$AA8,"Giữ Level "&$D8,"Xuống Level "&($D8-1)&" (ngoài ngưỡng giữ)")))) -> Lên Level 2
A9: 5 | B9: Hoàng Văn E | C9: Stylist | D9: 2 | E9: 1 | F9: 180000000 | G9: 640 | H9: 20 | I9: 1 | J9: 0 | K9: 0 | L9: 2 | M9: Có | N9: Không | O9: Có | P9: =IF($B9="","",IF(AND($C9="Supporter",$E9=4),3,$E9)) -> 1 | Q9: =IF($B9="","",IF($G9>0,$H9/$G9,0)) -> 0.03125 | R9: =IF($B9="","",IF($G9>0,$I9/$G9,0)) -> 0.0015625 | S9: =IF($B9="","",IF($W9<=1,100,COUNTIFS($C$5:$C$204,$C9,$P$5:$P$204,$P9,$F$5:$F$204,"<"&$F9)/($W9-1)*100)) -> 0 | T9: =IF($B9="","",IF($C9="Supporter","-",IF($W9<=1,100,COUNTIFS($C$5:$C$204,$C9,$P$5:$P$204,$P9,$Q$5:$Q$204,"<"&$Q9)/($W9-1)*100))) -> 0 | U9: =IF($B9="","",IF($C9="Supporter",$S9,0.85*$S9+0.15*$T9)) -> 0 | V9: =IF($B9="","",COUNTIFS($C$5:$C$204,$C9,$P$5:$P$204,$P9,$U$5:$U$204,">"&$U9)+1) -> 5 | W9: =IF($B9="","",COUNTIFS($C$5:$C$204,$C9,$P$5:$P$204,$P9)) -> 5 | X9: =IF($B9="","",$V9/$W9) -> 1 | Y9: =IF($B9="","",IF(AND($M9="Có",$J9<=Nguong!$B$16,$K9<=Nguong!$B$17,$L9<=Nguong!$B$18,$R9<=INDEX(Nguong!$B$4:$B$8,$D9)),"Đạt","Không đạt")) -> Đạt | Z9: =IF($B9="","",IF($D9>=5,"-",INDEX(IF($C9="Supporter",Nguong!$E$4:$E$8,Nguong!$C$4:$C$8),$D9+1))) -> 0.15 | AA9: =IF($B9="","",INDEX(IF($C9="Supporter",Nguong!$F$4:$F$8,Nguong!$D$4:$D$8),$D9)) -> 0.5 | AB9: =IF($B9="","",IF($Y9="Không đạt",IF($D9=1,"Không đạt ĐK cần – SM/GĐKV xem xét","Xuống Level "&($D9-1)&" (không đạt ĐK cần)"),IF(AND($D9<5,$Z9<>"-",$X9<=$Z9,$N9="Có",$O9="Có"),"Lên Level "&($D9+1),IF($X9<=$AA9,"Giữ Level "&$D9,"Xuống Level "&($D9-1)&" (ngoài ngưỡng giữ)")))) -> Xuống Level 1 (ngoài ngưỡng giữ)
A10: 6 | B10: Đỗ Thị F | C10: Skinner | D10: 1 | E10: 1 | F10: 150000000 | G10: 800 | H10: 90 | I10: 1 | J10: 0 | K10: 0 | L10: 0 | M10: Có | N10: Có | O10: Có | P10: =IF($B10="","",IF(AND($C10="Supporter",$E10=4),3,$E10)) -> 1 | Q10: =IF($B10="","",IF($G10>0,$H10/$G10,0)) -> 0.1125 | R10: =IF($B10="","",IF($G10>0,$I10/$G10,0)) -> 0.00125 | S10: =IF($B10="","",IF($W10<=1,100,COUNTIFS($C$5:$C$204,$C10,$P$5:$P$204,$P10,$F$5:$F$204,"<"&$F10)/($W10-1)*100)) -> 100 | T10: =IF($B10="","",IF($C10="Supporter","-",IF($W10<=1,100,COUNTIFS($C$5:$C$204,$C10,$P$5:$P$204,$P10,$Q$5:$Q$204,"<"&$Q10)/($W10-1)*100))) -> 100 | U10: =IF($B10="","",IF($C10="Supporter",$S10,0.85*$S10+0.15*$T10)) -> 100 | V10: =IF($B10="","",COUNTIFS($C$5:$C$204,$C10,$P$5:$P$204,$P10,$U$5:$U$204,">"&$U10)+1) -> 1 | W10: =IF($B10="","",COUNTIFS($C$5:$C$204,$C10,$P$5:$P$204,$P10)) -> 2 | X10: =IF($B10="","",$V10/$W10) -> 0.5 | Y10: =IF($B10="","",IF(AND($M10="Có",$J10<=Nguong!$B$16,$K10<=Nguong!$B$17,$L10<=Nguong!$B$18,$R10<=INDEX(Nguong!$B$4:$B$8,$D10)),"Đạt","Không đạt")) -> Đạt | Z10: =IF($B10="","",IF($D10>=5,"-",INDEX(IF($C10="Supporter",Nguong!$E$4:$E$8,Nguong!$C$4:$C$8),$D10+1))) -> 0.35 | AA10: =IF($B10="","",INDEX(IF($C10="Supporter",Nguong!$F$4:$F$8,Nguong!$D$4:$D$8),$D10)) -> 1 | AB10: =IF($B10="","",IF($Y10="Không đạt",IF($D10=1,"Không đạt ĐK cần – SM/GĐKV xem xét","Xuống Level "&($D10-1)&" (không đạt ĐK cần)"),IF(AND($D10<5,$Z10<>"-",$X10<=$Z10,$N10="Có",$O10="Có"),"Lên Level "&($D10+1),IF($X10<=$AA10,"Giữ Level "&$D10,"Xuống Level "&($D10-1)&" (ngoài ngưỡng giữ)")))) -> Giữ Level 1
A11: 7 | B11: Vũ Thị G | C11: Skinner | D11: 2 | E11: 1 | F11: 120000000 | G11: 760 | H11: 50 | I11: 2 | J11: 0 | K11: 0 | L11: 1 | M11: Có | N11: Có | O11: Có | P11: =IF($B11="","",IF(AND($C11="Supporter",$E11=4),3,$E11)) -> 1 | Q11: =IF($B11="","",IF($G11>0,$H11/$G11,0)) -> 0.065789474 | R11: =IF($B11="","",IF($G11>0,$I11/$G11,0)) -> 0.0026315789 | S11: =IF($B11="","",IF($W11<=1,100,COUNTIFS($C$5:$C$204,$C11,$P$5:$P$204,$P11,$F$5:$F$204,"<"&$F11)/($W11-1)*100)) -> 0 | T11: =IF($B11="","",IF($C11="Supporter","-",IF($W11<=1,100,COUNTIFS($C$5:$C$204,$C11,$P$5:$P$204,$P11,$Q$5:$Q$204,"<"&$Q11)/($W11-1)*100))) -> 0 | U11: =IF($B11="","",IF($C11="Supporter",$S11,0.85*$S11+0.15*$T11)) -> 0 | V11: =IF($B11="","",COUNTIFS($C$5:$C$204,$C11,$P$5:$P$204,$P11,$U$5:$U$204,">"&$U11)+1) -> 2 | W11: =IF($B11="","",COUNTIFS($C$5:$C$204,$C11,$P$5:$P$204,$P11)) -> 2 | X11: =IF($B11="","",$V11/$W11) -> 1 | Y11: =IF($B11="","",IF(AND($M11="Có",$J11<=Nguong!$B$16,$K11<=Nguong!$B$17,$L11<=Nguong!$B$18,$R11<=INDEX(Nguong!$B$4:$B$8,$D11)),"Đạt","Không đạt")) -> Đạt | Z11: =IF($B11="","",IF($D11>=5,"-",INDEX(IF($C11="Supporter",Nguong!$E$4:$E$8,Nguong!$C$4:$C$8),$D11+1))) -> 0.15 | AA11: =IF($B11="","",INDEX(IF($C11="Supporter",Nguong!$F$4:$F$8,Nguong!$D$4:$D$8),$D11)) -> 0.5 | AB11: =IF($B11="","",IF($Y11="Không đạt",IF($D11=1,"Không đạt ĐK cần – SM/GĐKV xem xét","Xuống Level "&($D11-1)&" (không đạt ĐK cần)"),IF(AND($D11<5,$Z11<>"-",$X11<=$Z11,$N11="Có",$O11="Có"),"Lên Level "&($D11+1),IF($X11<=$AA11,"Giữ Level "&$D11,"Xuống Level "&($D11-1)&" (ngoài ngưỡng giữ)")))) -> Xuống Level 1 (ngoài ngưỡng giữ)
A12: 8 | B12: Bùi Thị H | C12: Supporter | D12: 2 | E12: 1 | F12: 60000000 | G12: 900 | H12: 0 | I12: 1 | J12: 0 | K12: 0 | L12: 0 | M12: Có | N12: Có | O12: Có | P12: =IF($B12="","",IF(AND($C12="Supporter",$E12=4),3,$E12)) -> 1 | Q12: =IF($B12="","",IF($G12>0,$H12/$G12,0)) -> 0 | R12: =IF($B12="","",IF($G12>0,$I12/$G12,0)) -> 0.0011111111 | S12: =IF($B12="","",IF($W12<=1,100,COUNTIFS($C$5:$C$204,$C12,$P$5:$P$204,$P12,$F$5:$F$204,"<"&$F12)/($W12-1)*100)) -> 100 | T12: =IF($B12="","",IF($C12="Supporter","-",IF($W12<=1,100,COUNTIFS($C$5:$C$204,$C12,$P$5:$P$204,$P12,$Q$5:$Q$204,"<"&$Q12)/($W12-1)*100))) -> - | U12: =IF($B12="","",IF($C12="Supporter",$S12,0.85*$S12+0.15*$T12)) -> 100 | V12: =IF($B12="","",COUNTIFS($C$5:$C$204,$C12,$P$5:$P$204,$P12,$U$5:$U$204,">"&$U12)+1) -> 1 | W12: =IF($B12="","",COUNTIFS($C$5:$C$204,$C12,$P$5:$P$204,$P12)) -> 2 | X12: =IF($B12="","",$V12/$W12) -> 0.5 | Y12: =IF($B12="","",IF(AND($M12="Có",$J12<=Nguong!$B$16,$K12<=Nguong!$B$17,$L12<=Nguong!$B$18,$R12<=INDEX(Nguong!$B$4:$B$8,$D12)),"Đạt","Không đạt")) -> Đạt | Z12: =IF($B12="","",IF($D12>=5,"-",INDEX(IF($C12="Supporter",Nguong!$E$4:$E$8,Nguong!$C$4:$C$8),$D12+1))) -> 0.2 | AA12: =IF($B12="","",INDEX(IF($C12="Supporter",Nguong!$F$4:$F$8,Nguong!$D$4:$D$8),$D12)) -> 0.8 | AB12: =IF($B12="","",IF($Y12="Không đạt",IF($D12=1,"Không đạt ĐK cần – SM/GĐKV xem xét","Xuống Level "&($D12-1)&" (không đạt ĐK cần)"),IF(AND($D12<5,$Z12<>"-",$X12<=$Z12,$N12="Có",$O12="Có"),"Lên Level "&($D12+1),IF($X12<=$AA12,"Giữ Level "&$D12,"Xuống Level "&($D12-1)&" (ngoài ngưỡng giữ)")))) -> Giữ Level 2
A13: 9 | B13: Ngô Thị K | C13: Supporter | D13: 3 | E13: 1 | F13: 40000000 | G13: 850 | H13: 0 | I13: 1 | J13: 0 | K13: 0 | L13: 0 | M13: Có | N13: Có | O13: Có | P13: =IF($B13="","",IF(AND($C13="Supporter",$E13=4),3,$E13)) -> 1 | Q13: =IF($B13="","",IF($G13>0,$H13/$G13,0)) -> 0 | R13: =IF($B13="","",IF($G13>0,$I13/$G13,0)) -> 0.0011764706 | S13: =IF($B13="","",IF($W13<=1,100,COUNTIFS($C$5:$C$204,$C13,$P$5:$P$204,$P13,$F$5:$F$204,"<"&$F13)/($W13-1)*100)) -> 0 | T13: =IF($B13="","",IF($C13="Supporter","-",IF($W13<=1,100,COUNTIFS($C$5:$C$204,$C13,$P$5:$P$204,$P13,$Q$5:$Q$204,"<"&$Q13)/($W13-1)*100))) -> - | U13: =IF($B13="","",IF($C13="Supporter",$S13,0.85*$S13+0.15*$T13)) -> 0 | V13: =IF($B13="","",COUNTIFS($C$5:$C$204,$C13,$P$5:$P$204,$P13,$U$5:$U$204,">"&$U13)+1) -> 2 | W13: =IF($B13="","",COUNTIFS($C$5:$C$204,$C13,$P$5:$P$204,$P13)) -> 2 | X13: =IF($B13="","",$V13/$W13) -> 1 | Y13: =IF($B13="","",IF(AND($M13="Có",$J13<=Nguong!$B$16,$K13<=Nguong!$B$17,$L13<=Nguong!$B$18,$R13<=INDEX(Nguong!$B$4:$B$8,$D13)),"Đạt","Không đạt")) -> Đạt | Z13: =IF($B13="","",IF($D13>=5,"-",INDEX(IF($C13="Supporter",Nguong!$E$4:$E$8,Nguong!$C$4:$C$8),$D13+1))) -> 0.1 | AA13: =IF($B13="","",INDEX(IF($C13="Supporter",Nguong!$F$4:$F$8,Nguong!$D$4:$D$8),$D13)) -> 0.3 | AB13: =IF($B13="","",IF($Y13="Không đạt",IF($D13=1,"Không đạt ĐK cần – SM/GĐKV xem xét","Xuống Level "&($D13-1)&" (không đạt ĐK cần)"),IF(AND($D13<5,$Z13<>"-",$X13<=$Z13,$N13="Có",$O13="Có"),"Lên Level "&($D13+1),IF($X13<=$AA13,"Giữ Level "&$D13,"Xuống Level "&($D13-1)&" (ngoài ngưỡng giữ)")))) -> Xuống Level 2 (ngoài ngưỡng giữ)
P14: =IF($B14="","",IF(AND($C14="Supporter",$E14=4),3,$E14)) | Q14: =IF($B14="","",IF($G14>0,$H14/$G14,0)) | R14: =IF($B14="","",IF($G14>0,$I14/$G14,0)) | S14: =IF($B14="","",IF($W14<=1,100,COUNTIFS($C$5:$C$204,$C14,$P$5:$P$204,$P14,$F$5:$F$204,"<"&$F14)/($W14-1)*100)) | T14: =IF($B14="","",IF($C14="Supporter","-",IF($W14<=1,100,COUNTIFS($C$5:$C$204,$C14,$P$5:$P$204,$P14,$Q$5:$Q$204,"<"&$Q14)/($W14-1)*100))) | U14: =IF($B14="","",IF($C14="Supporter",$S14,0.85*$S14+0.15*$T14)) | V14: =IF($B14="","",COUNTIFS($C$5:$C$204,$C14,$P$5:$P$204,$P14,$U$5:$U$204,">"&$U14)+1) | W14: =IF($B14="","",COUNTIFS($C$5:$C$204,$C14,$P$5:$P$204,$P14)) | X14: =IF($B14="","",$V14/$W14) | Y14: =IF($B14="","",IF(AND($M14="Có",$J14<=Nguong!$B$16,$K14<=Nguong!$B$17,$L14<=Nguong!$B$18,$R14<=INDEX(Nguong!$B$4:$B$8,$D14)),"Đạt","Không đạt")) | Z14: =IF($B14="","",IF($D14>=5,"-",INDEX(IF($C14="Supporter",Nguong!$E$4:$E$8,Nguong!$C$4:$C$8),$D14+1))) | AA14: =IF($B14="","",INDEX(IF($C14="Supporter",Nguong!$F$4:$F$8,Nguong!$D$4:$D$8),$D14)) | AB14: =IF($B14="","",IF($Y14="Không đạt",IF($D14=1,"Không đạt ĐK cần – SM/GĐKV xem xét","Xuống Level "&($D14-1)&" (không đạt ĐK cần)"),IF(AND($D14<5,$Z14<>"-",$X14<=$Z14,$N14="Có",$O14="Có"),"Lên Level "&($D14+1),IF($X14<=$AA14,"Giữ Level "&$D14,"Xuống Level "&($D14-1)&" (ngoài ngưỡng giữ)"))))
P15: =IF($B15="","",IF(AND($C15="Supporter",$E15=4),3,$E15)) | Q15: =IF($B15="","",IF($G15>0,$H15/$G15,0)) | R15: =IF($B15="","",IF($G15>0,$I15/$G15,0)) | S15: =IF($B15="","",IF($W15<=1,100,COUNTIFS($C$5:$C$204,$C15,$P$5:$P$204,$P15,$F$5:$F$204,"<"&$F15)/($W15-1)*100)) | T15: =IF($B15="","",IF($C15="Supporter","-",IF($W15<=1,100,COUNTIFS($C$5:$C$204,$C15,$P$5:$P$204,$P15,$Q$5:$Q$204,"<"&$Q15)/($W15-1)*100))) | U15: =IF($B15="","",IF($C15="Supporter",$S15,0.85*$S15+0.15*$T15)) | V15: =IF($B15="","",COUNTIFS($C$5:$C$204,$C15,$P$5:$P$204,$P15,$U$5:$U$204,">"&$U15)+1) | W15: =IF($B15="","",COUNTIFS($C$5:$C$204,$C15,$P$5:$P$204,$P15)) | X15: =IF($B15="","",$V15/$W15) | Y15: =IF($B15="","",IF(AND($M15="Có",$J15<=Nguong!$B$16,$K15<=Nguong!$B$17,$L15<=Nguong!$B$18,$R15<=INDEX(Nguong!$B$4:$B$8,$D15)),"Đạt","Không đạt")) | Z15: =IF($B15="","",IF($D15>=5,"-",INDEX(IF($C15="Supporter",Nguong!$E$4:$E$8,Nguong!$C$4:$C$8),$D15+1))) | AA15: =IF($B15="","",INDEX(IF($C15="Supporter",Nguong!$F$4:$F$8,Nguong!$D$4:$D$8),$D15)) | AB15: =IF($B15="","",IF($Y15="Không đạt",IF($D15=1,"Không đạt ĐK cần – SM/GĐKV xem xét","Xuống Level "&($D15-1)&" (không đạt ĐK cần)"),IF(AND($D15<5,$Z15<>"-",$X15<=$Z15,$N15="Có",$O15="Có"),"Lên Level "&($D15+1),IF($X15<=$AA15,"Giữ Level "&$D15,"Xuống Level "&($D15-1)&" (ngoài ngưỡng giữ)"))))
P16: =IF($B16="","",IF(AND($C16="Supporter",$E16=4),3,$E16)) | Q16: =IF($B16="","",IF($G16>0,$H16/$G16,0)) | R16: =IF($B16="","",IF($G16>0,$I16/$G16,0)) | S16: =IF($B16="","",IF($W16<=1,100,COUNTIFS($C$5:$C$204,$C16,$P$5:$P$204,$P16,$F$5:$F$204,"<"&$F16)/($W16-1)*100)) | T16: =IF($B16="","",IF($C16="Supporter","-",IF($W16<=1,100,COUNTIFS($C$5:$C$204,$C16,$P$5:$P$204,$P16,$Q$5:$Q$204,"<"&$Q16)/($W16-1)*100))) | U16: =IF($B16="","",IF($C16="Supporter",$S16,0.85*$S16+0.15*$T16)) | V16: =IF($B16="","",COUNTIFS($C$5:$C$204,$C16,$P$5:$P$204,$P16,$U$5:$U$204,">"&$U16)+1) | W16: =IF($B16="","",COUNTIFS($C$5:$C$204,$C16,$P$5:$P$204,$P16)) | X16: =IF($B16="","",$V16/$W16) | Y16: =IF($B16="","",IF(AND($M16="Có",$J16<=Nguong!$B$16,$K16<=Nguong!$B$17,$L16<=Nguong!$B$18,$R16<=INDEX(Nguong!$B$4:$B$8,$D16)),"Đạt","Không đạt")) | Z16: =IF($B16="","",IF($D16>=5,"-",INDEX(IF($C16="Supporter",Nguong!$E$4:$E$8,Nguong!$C$4:$C$8),$D16+1))) | AA16: =IF($B16="","",INDEX(IF($C16="Supporter",Nguong!$F$4:$F$8,Nguong!$D$4:$D$8),$D16)) | AB16: =IF($B16="","",IF($Y16="Không đạt",IF($D16=1,"Không đạt ĐK cần – SM/GĐKV xem xét","Xuống Level "&($D16-1)&" (không đạt ĐK cần)"),IF(AND($D16<5,$Z16<>"-",$X16<=$Z16,$N16="Có",$O16="Có"),"Lên Level "&($D16+1),IF($X16<=$AA16,"Giữ Level "&$D16,"Xuống Level "&($D16-1)&" (ngoài ngưỡng giữ)"))))
P17: =IF($B17="","",IF(AND($C17="Supporter",$E17=4),3,$E17)) | Q17: =IF($B17="","",IF($G17>0,$H17/$G17,0)) | R17: =IF($B17="","",IF($G17>0,$I17/$G17,0)) | S17: =IF($B17="","",IF($W17<=1,100,COUNTIFS($C$5:$C$204,$C17,$P$5:$P$204,$P17,$F$5:$F$204,"<"&$F17)/($W17-1)*100)) | T17: =IF($B17="","",IF($C17="Supporter","-",IF($W17<=1,100,COUNTIFS($C$5:$C$204,$C17,$P$5:$P$204,$P17,$Q$5:$Q$204,"<"&$Q17)/($W17-1)*100))) | U17: =IF($B17="","",IF($C17="Supporter",$S17,0.85*$S17+0.15*$T17)) | V17: =IF($B17="","",COUNTIFS($C$5:$C$204,$C17,$P$5:$P$204,$P17,$U$5:$U$204,">"&$U17)+1) | W17: =IF($B17="","",COUNTIFS($C$5:$C$204,$C17,$P$5:$P$204,$P17)) | X17: =IF($B17="","",$V17/$W17) | Y17: =IF($B17="","",IF(AND($M17="Có",$J17<=Nguong!$B$16,$K17<=Nguong!$B$17,$L17<=Nguong!$B$18,$R17<=INDEX(Nguong!$B$4:$B$8,$D17)),"Đạt","Không đạt")) | Z17: =IF($B17="","",IF($D17>=5,"-",INDEX(IF($C17="Supporter",Nguong!$E$4:$E$8,Nguong!$C$4:$C$8),$D17+1))) | AA17: =IF($B17="","",INDEX(IF($C17="Supporter",Nguong!$F$4:$F$8,Nguong!$D$4:$D$8),$D17)) | AB17: =IF($B17="","",IF($Y17="Không đạt",IF($D17=1,"Không đạt ĐK cần – SM/GĐKV xem xét","Xuống Level "&($D17-1)&" (không đạt ĐK cần)"),IF(AND($D17<5,$Z17<>"-",$X17<=$Z17,$N17="Có",$O17="Có"),"Lên Level "&($D17+1),IF($X17<=$AA17,"Giữ Level "&$D17,"Xuống Level "&($D17-1)&" (ngoài ngưỡng giữ)"))))
P18: =IF($B18="","",IF(AND($C18="Supporter",$E18=4),3,$E18)) | Q18: =IF($B18="","",IF($G18>0,$H18/$G18,0)) | R18: =IF($B18="","",IF($G18>0,$I18/$G18,0)) | S18: =IF($B18="","",IF($W18<=1,100,COUNTIFS($C$5:$C$204,$C18,$P$5:$P$204,$P18,$F$5:$F$204,"<"&$F18)/($W18-1)*100)) | T18: =IF($B18="","",IF($C18="Supporter","-",IF($W18<=1,100,COUNTIFS($C$5:$C$204,$C18,$P$5:$P$204,$P18,$Q$5:$Q$204,"<"&$Q18)/($W18-1)*100))) | U18: =IF($B18="","",IF($C18="Supporter",$S18,0.85*$S18+0.15*$T18)) | V18: =IF($B18="","",COUNTIFS($C$5:$C$204,$C18,$P$5:$P$204,$P18,$U$5:$U$204,">"&$U18)+1) | W18: =IF($B18="","",COUNTIFS($C$5:$C$204,$C18,$P$5:$P$204,$P18)) | X18: =IF($B18="","",$V18/$W18) | Y18: =IF($B18="","",IF(AND($M18="Có",$J18<=Nguong!$B$16,$K18<=Nguong!$B$17,$L18<=Nguong!$B$18,$R18<=INDEX(Nguong!$B$4:$B$8,$D18)),"Đạt","Không đạt")) | Z18: =IF($B18="","",IF($D18>=5,"-",INDEX(IF($C18="Supporter",Nguong!$E$4:$E$8,Nguong!$C$4:$C$8),$D18+1))) | AA18: =IF($B18="","",INDEX(IF($C18="Supporter",Nguong!$F$4:$F$8,Nguong!$D$4:$D$8),$D18)) | AB18: =IF($B18="","",IF($Y18="Không đạt",IF($D18=1,"Không đạt ĐK cần – SM/GĐKV xem xét","Xuống Level "&($D18-1)&" (không đạt ĐK cần)"),IF(AND($D18<5,$Z18<>"-",$X18<=$Z18,$N18="Có",$O18="Có"),"Lên Level "&($D18+1),IF($X18<=$AA18,"Giữ Level "&$D18,"Xuống Level "&($D18-1)&" (ngoài ngưỡng giữ)"))))
P19: =IF($B19="","",IF(AND($C19="Supporter",$E19=4),3,$E19)) | Q19: =IF($B19="","",IF($G19>0,$H19/$G19,0)) | R19: =IF($B19="","",IF($G19>0,$I19/$G19,0)) | S19: =IF($B19="","",IF($W19<=1,100,COUNTIFS($C$5:$C$204,$C19,$P$5:$P$204,$P19,$F$5:$F$204,"<"&$F19)/($W19-1)*100)) | T19: =IF($B19="","",IF($C19="Supporter","-",IF($W19<=1,100,COUNTIFS($C$5:$C$204,$C19,$P$5:$P$204,$P19,$Q$5:$Q$204,"<"&$Q19)/($W19-1)*100))) | U19: =IF($B19="","",IF($C19="Supporter",$S19,0.85*$S19+0.15*$T19)) | V19: =IF($B19="","",COUNTIFS($C$5:$C$204,$C19,$P$5:$P$204,$P19,$U$5:$U$204,">"&$U19)+1) | W19: =IF($B19="","",COUNTIFS($C$5:$C$204,$C19,$P$5:$P$204,$P19)) | X19: =IF($B19="","",$V19/$W19) | Y19: =IF($B19="","",IF(AND($M19="Có",$J19<=Nguong!$B$16,$K19<=Nguong!$B$17,$L19<=Nguong!$B$18,$R19<=INDEX(Nguong!$B$4:$B$8,$D19)),"Đạt","Không đạt")) | Z19: =IF($B19="","",IF($D19>=5,"-",INDEX(IF($C19="Supporter",Nguong!$E$4:$E$8,Nguong!$C$4:$C$8),$D19+1))) | AA19: =IF($B19="","",INDEX(IF($C19="Supporter",Nguong!$F$4:$F$8,Nguong!$D$4:$D$8),$D19)) | AB19: =IF($B19="","",IF($Y19="Không đạt",IF($D19=1,"Không đạt ĐK cần – SM/GĐKV xem xét","Xuống Level "&($D19-1)&" (không đạt ĐK cần)"),IF(AND($D19<5,$Z19<>"-",$X19<=$Z19,$N19="Có",$O19="Có"),"Lên Level "&($D19+1),IF($X19<=$AA19,"Giữ Level "&$D19,"Xuống Level "&($D19-1)&" (ngoài ngưỡng giữ)"))))
P20: =IF($B20="","",IF(AND($C20="Supporter",$E20=4),3,$E20)) | Q20: =IF($B20="","",IF($G20>0,$H20/$G20,0)) | R20: =IF($B20="","",IF($G20>0,$I20/$G20,0)) | S20: =IF($B20="","",IF($W20<=1,100,COUNTIFS($C$5:$C$204,$C20,$P$5:$P$204,$P20,$F$5:$F$204,"<"&$F20)/($W20-1)*100)) | T20: =IF($B20="","",IF($C20="Supporter","-",IF($W20<=1,100,COUNTIFS($C$5:$C$204,$C20,$P$5:$P$204,$P20,$Q$5:$Q$204,"<"&$Q20)/($W20-1)*100))) | U20: =IF($B20="","",IF($C20="Supporter",$S20,0.85*$S20+0.15*$T20)) | V20: =IF($B20="","",COUNTIFS($C$5:$C$204,$C20,$P$5:$P$204,$P20,$U$5:$U$204,">"&$U20)+1) | W20: =IF($B20="","",COUNTIFS($C$5:$C$204,$C20,$P$5:$P$204,$P20)) | X20: =IF($B20="","",$V20/$W20) | Y20: =IF($B20="","",IF(AND($M20="Có",$J20<=Nguong!$B$16,$K20<=Nguong!$B$17,$L20<=Nguong!$B$18,$R20<=INDEX(Nguong!$B$4:$B$8,$D20)),"Đạt","Không đạt")) | Z20: =IF($B20="","",IF($D20>=5,"-",INDEX(IF($C20="Supporter",Nguong!$E$4:$E$8,Nguong!$C$4:$C$8),$D20+1))) | AA20: =IF($B20="","",INDEX(IF($C20="Supporter",Nguong!$F$4:$F$8,Nguong!$D$4:$D$8),$D20)) | AB20: =IF($B20="","",IF($Y20="Không đạt",IF($D20=1,"Không đạt ĐK cần – SM/GĐKV xem xét","Xuống Level "&($D20-1)&" (không đạt ĐK cần)"),IF(AND($D20<5,$Z20<>"-",$X20<=$Z20,$N20="Có",$O20="Có"),"Lên Level "&($D20+1),IF($X20<=$AA20,"Giữ Level "&$D20,"Xuống Level "&($D20-1)&" (ngoài ngưỡng giữ)"))))
P21: =IF($B21="","",IF(AND($C21="Supporter",$E21=4),3,$E21)) | Q21: =IF($B21="","",IF($G21>0,$H21/$G21,0)) | R21: =IF($B21="","",IF($G21>0,$I21/$G21,0)) | S21: =IF($B21="","",IF($W21<=1,100,COUNTIFS($C$5:$C$204,$C21,$P$5:$P$204,$P21,$F$5:$F$204,"<"&$F21)/($W21-1)*100)) | T21: =IF($B21="","",IF($C21="Supporter","-",IF($W21<=1,100,COUNTIFS($C$5:$C$204,$C21,$P$5:$P$204,$P21,$Q$5:$Q$204,"<"&$Q21)/($W21-1)*100))) | U21: =IF($B21="","",IF($C21="Supporter",$S21,0.85*$S21+0.15*$T21)) | V21: =IF($B21="","",COUNTIFS($C$5:$C$204,$C21,$P$5:$P$204,$P21,$U$5:$U$204,">"&$U21)+1) | W21: =IF($B21="","",COUNTIFS($C$5:$C$204,$C21,$P$5:$P$204,$P21)) | X21: =IF($B21="","",$V21/$W21) | Y21: =IF($B21="","",IF(AND($M21="Có",$J21<=Nguong!$B$16,$K21<=Nguong!$B$17,$L21<=Nguong!$B$18,$R21<=INDEX(Nguong!$B$4:$B$8,$D21)),"Đạt","Không đạt")) | Z21: =IF($B21="","",IF($D21>=5,"-",INDEX(IF($C21="Supporter",Nguong!$E$4:$E$8,Nguong!$C$4:$C$8),$D21+1))) | AA21: =IF($B21="","",INDEX(IF($C21="Supporter",Nguong!$F$4:$F$8,Nguong!$D$4:$D$8),$D21)) | AB21: =IF($B21="","",IF($Y21="Không đạt",IF($D21=1,"Không đạt ĐK cần – SM/GĐKV xem xét","Xuống Level "&($D21-1)&" (không đạt ĐK cần)"),IF(AND($D21<5,$Z21<>"-",$X21<=$Z21,$N21="Có",$O21="Có"),"Lên Level "&($D21+1),IF($X21<=$AA21,"Giữ Level "&$D21,"Xuống Level "&($D21-1)&" (ngoài ngưỡng giữ)"))))
P22: =IF($B22="","",IF(AND($C22="Supporter",$E22=4),3,$E22)) | Q22: =IF($B22="","",IF($G22>0,$H22/$G22,0)) | R22: =IF($B22="","",IF($G22>0,$I22/$G22,0)) | S22: =IF($B22="","",IF($W22<=1,100,COUNTIFS($C$5:$C$204,$C22,$P$5:$P$204,$P22,$F$5:$F$204,"<"&$F22)/($W22-1)*100)) | T22: =IF($B22="","",IF($C22="Supporter","-",IF($W22<=1,100,COUNTIFS($C$5:$C$204,$C22,$P$5:$P$204,$P22,$Q$5:$Q$204,"<"&$Q22)/($W22-1)*100))) | U22: =IF($B22="","",IF($C22="Supporter",$S22,0.85*$S22+0.15*$T22)) | V22: =IF($B22="","",COUNTIFS($C$5:$C$204,$C22,$P$5:$P$204,$P22,$U$5:$U$204,">"&$U22)+1) | W22: =IF($B22="","",COUNTIFS($C$5:$C$204,$C22,$P$5:$P$204,$P22)) | X22: =IF($B22="","",$V22/$W22) | Y22: =IF($B22="","",IF(AND($M22="Có",$J22<=Nguong!$B$16,$K22<=Nguong!$B$17,$L22<=Nguong!$B$18,$R22<=INDEX(Nguong!$B$4:$B$8,$D22)),"Đạt","Không đạt")) | Z22: =IF($B22="","",IF($D22>=5,"-",INDEX(IF($C22="Supporter",Nguong!$E$4:$E$8,Nguong!$C$4:$C$8),$D22+1))) | AA22: =IF($B22="","",INDEX(IF($C22="Supporter",Nguong!$F$4:$F$8,Nguong!$D$4:$D$8),$D22)) | AB22: =IF($B22="","",IF($Y22="Không đạt",IF($D22=1,"Không đạt ĐK cần – SM/GĐKV xem xét","Xuống Level "&($D22-1)&" (không đạt ĐK cần)"),IF(AND($D22<5,$Z22<>"-",$X22<=$Z22,$N22="Có",$O22="Có"),"Lên Level "&($D22+1),IF($X22<=$AA22,"Giữ Level "&$D22,"Xuống Level "&($D22-1)&" (ngoài ngưỡng giữ)"))))
P23: =IF($B23="","",IF(AND($C23="Supporter",$E23=4),3,$E23)) | Q23: =IF($B23="","",IF($G23>0,$H23/$G23,0)) | R23: =IF($B23="","",IF($G23>0,$I23/$G23,0)) | S23: =IF($B23="","",IF($W23<=1,100,COUNTIFS($C$5:$C$204,$C23,$P$5:$P$204,$P23,$F$5:$F$204,"<"&$F23)/($W23-1)*100)) | T23: =IF($B23="","",IF($C23="Supporter","-",IF($W23<=1,100,COUNTIFS($C$5:$C$204,$C23,$P$5:$P$204,$P23,$Q$5:$Q$204,"<"&$Q23)/($W23-1)*100))) | U23: =IF($B23="","",IF($C23="Supporter",$S23,0.85*$S23+0.15*$T23)) | V23: =IF($B23="","",COUNTIFS($C$5:$C$204,$C23,$P$5:$P$204,$P23,$U$5:$U$204,">"&$U23)+1) | W23: =IF($B23="","",COUNTIFS($C$5:$C$204,$C23,$P$5:$P$204,$P23)) | X23: =IF($B23="","",$V23/$W23) | Y23: =IF($B23="","",IF(AND($M23="Có",$J23<=Nguong!$B$16,$K23<=Nguong!$B$17,$L23<=Nguong!$B$18,$R23<=INDEX(Nguong!$B$4:$B$8,$D23)),"Đạt","Không đạt")) | Z23: =IF($B23="","",IF($D23>=5,"-",INDEX(IF($C23="Supporter",Nguong!$E$4:$E$8,Nguong!$C$4:$C$8),$D23+1))) | AA23: =IF($B23="","",INDEX(IF($C23="Supporter",Nguong!$F$4:$F$8,Nguong!$D$4:$D$8),$D23)) | AB23: =IF($B23="","",IF($Y23="Không đạt",IF($D23=1,"Không đạt ĐK cần – SM/GĐKV xem xét","Xuống Level "&($D23-1)&" (không đạt ĐK cần)"),IF(AND($D23<5,$Z23<>"-",$X23<=$Z23,$N23="Có",$O23="Có"),"Lên Level "&($D23+1),IF($X23<=$AA23,"Giữ Level "&$D23,"Xuống Level "&($D23-1)&" (ngoài ngưỡng giữ)"))))
P24: =IF($B24="","",IF(AND($C24="Supporter",$E24=4),3,$E24)) | Q24: =IF($B24="","",IF($G24>0,$H24/$G24,0)) | R24: =IF($B24="","",IF($G24>0,$I24/$G24,0)) | S24: =IF($B24="","",IF($W24<=1,100,COUNTIFS($C$5:$C$204,$C24,$P$5:$P$204,$P24,$F$5:$F$204,"<"&$F24)/($W24-1)*100)) | T24: =IF($B24="","",IF($C24="Supporter","-",IF($W24<=1,100,COUNTIFS($C$5:$C$204,$C24,$P$5:$P$204,$P24,$Q$5:$Q$204,"<"&$Q24)/($W24-1)*100))) | U24: =IF($B24="","",IF($C24="Supporter",$S24,0.85*$S24+0.15*$T24)) | V24: =IF($B24="","",COUNTIFS($C$5:$C$204,$C24,$P$5:$P$204,$P24,$U$5:$U$204,">"&$U24)+1) | W24: =IF($B24="","",COUNTIFS($C$5:$C$204,$C24,$P$5:$P$204,$P24)) | X24: =IF($B24="","",$V24/$W24) | Y24: =IF($B24="","",IF(AND($M24="Có",$J24<=Nguong!$B$16,$K24<=Nguong!$B$17,$L24<=Nguong!$B$18,$R24<=INDEX(Nguong!$B$4:$B$8,$D24)),"Đạt","Không đạt")) | Z24: =IF($B24="","",IF($D24>=5,"-",INDEX(IF($C24="Supporter",Nguong!$E$4:$E$8,Nguong!$C$4:$C$8),$D24+1))) | AA24: =IF($B24="","",INDEX(IF($C24="Supporter",Nguong!$F$4:$F$8,Nguong!$D$4:$D$8),$D24)) | AB24: =IF($B24="","",IF($Y24="Không đạt",IF($D24=1,"Không đạt ĐK cần – SM/GĐKV xem xét","Xuống Level "&($D24-1)&" (không đạt ĐK cần)"),IF(AND($D24<5,$Z24<>"-",$X24<=$Z24,$N24="Có",$O24="Có"),"Lên Level "&($D24+1),IF($X24<=$AA24,"Giữ Level "&$D24,"Xuống Level "&($D24-1)&" (ngoài ngưỡng giữ)"))))
P25: =IF($B25="","",IF(AND($C25="Supporter",$E25=4),3,$E25)) | Q25: =IF($B25="","",IF($G25>0,$H25/$G25,0)) | R25: =IF($B25="","",IF($G25>0,$I25/$G25,0)) | S25: =IF($B25="","",IF($W25<=1,100,COUNTIFS($C$5:$C$204,$C25,$P$5:$P$204,$P25,$F$5:$F$204,"<"&$F25)/($W25-1)*100)) | T25: =IF($B25="","",IF($C25="Supporter","-",IF($W25<=1,100,COUNTIFS($C$5:$C$204,$C25,$P$5:$P$204,$P25,$Q$5:$Q$204,"<"&$Q25)/($W25-1)*100))) | U25: =IF($B25="","",IF($C25="Supporter",$S25,0.85*$S25+0.15*$T25)) | V25: =IF($B25="","",COUNTIFS($C$5:$C$204,$C25,$P$5:$P$204,$P25,$U$5:$U$204,">"&$U25)+1) | W25: =IF($B25="","",COUNTIFS($C$5:$C$204,$C25,$P$5:$P$204,$P25)) | X25: =IF($B25="","",$V25/$W25) | Y25: =IF($B25="","",IF(AND($M25="Có",$J25<=Nguong!$B$16,$K25<=Nguong!$B$17,$L25<=Nguong!$B$18,$R25<=INDEX(Nguong!$B$4:$B$8,$D25)),"Đạt","Không đạt")) | Z25: =IF($B25="","",IF($D25>=5,"-",INDEX(IF($C25="Supporter",Nguong!$E$4:$E$8,Nguong!$C$4:$C$8),$D25+1))) | AA25: =IF($B25="","",INDEX(IF($C25="Supporter",Nguong!$F$4:$F$8,Nguong!$D$4:$D$8),$D25)) | AB25: =IF($B25="","",IF($Y25="Không đạt",IF($D25=1,"Không đạt ĐK cần – SM/GĐKV xem xét","Xuống Level "&($D25-1)&" (không đạt ĐK cần)"),IF(AND($D25<5,$Z25<>"-",$X25<=$Z25,$N25="Có",$O25="Có"),"Lên Level "&($D25+1),IF($X25<=$AA25,"Giữ Level "&$D25,"Xuống Level "&($D25-1)&" (ngoài ngưỡng giữ)"))))
... P204: =IF($B204="","",IF(AND($C204="Supporter",$E204=4),3,$E204)) | Q204: =IF($B204="","",IF($G204>0,$H204/$G204,0)) | R204: =IF($B204="","",IF($G204>0,$I204/$G204,0)) | S204: =IF($B204="","",IF($W204<=1,100,COUNTIFS($C$5:$C$204,$C204,$P$5:$P$204,$P204,$F$5:$F$204,"<"&$F204)/($W204-1)*100)) | T204: =IF($B204="","",IF($C204="Supporter","-",IF($W204<=1,100,COUNTIFS($C$5:$C$204,$C204,$P$5:$P$204,$P204,$Q$5:$Q$204,"<"&$Q204)/($W204-1)*100))) | U204: =IF($B204="","",IF($C204="Supporter",$S204,0.85*$S204+0.15*$T204)) | V204: =IF($B204="","",COUNTIFS($C$5:$C$204,$C204,$P$5:$P$204,$P204,$U$5:$U$204,">"&$U204)+1) | W204: =IF($B204="","",COUNTIFS($C$5:$C$204,$C204,$P$5:$P$204,$P204)) | X204: =IF($B204="","",$V204/$W204) | Y204: =IF($B204="","",IF(AND($M204="Có",$J204<=Nguong!$B$16,$K204<=Nguong!$B$17,$L204<=Nguong!$B$18,$R204<=INDEX(Nguong!$B$4:$B$8,$D204)),"Đạt","Không đạt")) | Z204: =IF($B204="","",IF($D204>=5,"-",INDEX(IF($C204="Supporter",Nguong!$E$4:$E$8,Nguong!$C$4:$C$8),$D204+1))) | AA204: =IF($B204="","",INDEX(IF($C204="Supporter",Nguong!$F$4:$F$8,Nguong!$D$4:$D$8),$D204)) | AB204: =IF($B204="","",IF($Y204="Không đạt",IF($D204=1,"Không đạt ĐK cần – SM/GĐKV xem xét","Xuống Level "&($D204-1)&" (không đạt ĐK cần)"),IF(AND($D204<5,$Z204<>"-",$X204<=$Z204,$N204="Có",$O204="Có"),"Lên Level "&($D204+1),IF($X204<=$AA204,"Giữ Level "&$D204,"Xuống Level "&($D204-1)&" (ngoài ngưỡng giữ)"))))

Sheet Nguong
A1: BẢNG NGƯỠNG THEO CHÍNH SÁCH (mục 5.2 & 5.5) – có thể chỉnh nếu chính sách thay đổi
A3: Bậc | B3: Tỷ lệ 1–3 sao tối đa | C3: Stylist/Skinner – LÊN | D3: Stylist/Skinner – GIỮ | E3: Supporter – LÊN | F3: Supporter – GIỮ
A4: 1 | B4: 0.003 | D4: 1 | F4: 1
A5: 2 | B5: 0.0027 | C5: 0.35 | D5: 0.5 | E5: 0.5 | F5: 0.8
A6: 3 | B6: 0.0024 | C6: 0.15 | D6: 0.25 | E6: 0.2 | F6: 0.3
A7: 4 | B7: 0.0021 | C7: 0.05 | D7: 0.1 | E7: 0.1 | F7: 0.15
A8: 5 | B8: 0.0018 | C8: 0.02 | D8: 0.05 | E8: 0.05 | F8: 0.1
A10: Ghi chú:
A11: • Level 1 là bậc nền: không có ngưỡng LÊN (ô trống) và không bị hạ vì thứ hạng (ngưỡng GIỮ đặt = 100%).
A12: • Ngưỡng tính theo Top %: Top % của nhân sự ≤ ngưỡng thì đạt.
A13: • Kỷ luật (mục 5.2): 0 lỗi gian lận; tối đa 1 lỗi mức Cấm; tối đa 2 lỗi mức Lỗi trong kỳ (giới hạn ở ô dưới).
A15: Giới hạn kỷ luật
A16: Lỗi gian lận tối đa | B16: 0
A17: Lỗi mức Cấm tối đa | B17: 1
A18: Lỗi mức Lỗi tối đa | B18: 2

Sheet HuongDan
A1: HƯỚNG DẪN SỬ DỤNG
A2: 1. Nhập mỗi nhân sự 1 dòng ở sheet XetBac (cột A–O, màu vàng). Nhập TOÀN BỘ nhân sự cùng vị trí, cùng nhóm salon còn làm việc cuối kỳ thì thứ hạng mới đúng.
A3: 2. 9 dòng đầu là dữ liệu VÍ DỤ – xóa nội dung cột A–O của các dòng này trước khi nhập thật (không xóa cột màu xanh). Bảng có sẵn công thức đến dòng 204.
A4: 3. Số liệu nhập là tổng 3 tháng của kỳ xét (12–1–2, 3–4–5, 6–7–8, 9–10–11).
A6: CÔNG THỨC ĐANG DÙNG
A7: Nhóm xếp hạng = Nhóm salon; riêng Supporter Nhóm 4 xếp chung Nhóm 3 (Phụ lục 1).
A8: Tỷ lệ book đích danh = Lượt khách book đích danh ÷ Tổng lượt khách phục vụ.
A9: Tỷ lệ bill 1–3 sao = Số bill bị đánh giá 1–3 sao ÷ Tổng lượt khách phục vụ.
A10: P (doanh thu / book) = Số người cùng vị trí, cùng nhóm có chỉ số THẤP hơn mình ÷ (Số người cùng nhóm – 1) × 100.
A11: ĐIỂM – Stylist, Skinner = 0,85 × P doanh thu + 0,15 × P book đích danh. Supporter = P doanh thu.
A12: Thứ hạng = Số người cùng vị trí, cùng nhóm có điểm CAO hơn + 1. TOP % = Thứ hạng ÷ Số người cùng nhóm.
A13: Điều kiện cần = Đạt năng lực + tỷ lệ 1–3 sao ≤ mức tối đa của bậc hiện tại + kỷ luật trong giới hạn (sheet Nguong).
... A21: • Mỗi kỳ chỉ lên/xuống tối đa 1 bậc. Nguồn: Chính sách lộ trình thăng tiến Stylist – Skinner – Supporter từ 01/10/2026.
