Workbook

Sheet Tổng quan
A1: TỔNG QUAN LỢI NHUẬN – SALON 671
A2: Tự cập nhật từ sheet "Dữ liệu tháng"
D3: Tháng | E3: Lãi | F3: Biên lãi | G3: % Nhân sự
A4: Số tháng có dữ liệu | B4: =COUNT('Dữ liệu tháng'!C2:C19) -> 15 | D4: ='Dữ liệu tháng'!A2 -> T7/2025 | E4: =IF('Dữ liệu tháng'!C2="",0,'Dữ liệu tháng'!S2) -> 15355298 | F4: =IF('Dữ liệu tháng'!C2="",0,'Dữ liệu tháng'!T2) -> 0.11082471 | G4: =IF('Dữ liệu tháng'!C2="",0,'Dữ liệu tháng'!U2) -> 0.47774754
A5: Tổng lãi | B5: ='Dữ liệu tháng'!S21 -> 429354207 | D5: ='Dữ liệu tháng'!A3 -> T8/2025 | E5: =IF('Dữ liệu tháng'!C3="",0,'Dữ liệu tháng'!S3) -> 28240643 | F5: =IF('Dữ liệu tháng'!C3="",0,'Dữ liệu tháng'!T3) -> 0.17309023 | G5: =IF('Dữ liệu tháng'!C3="",0,'Dữ liệu tháng'!U3) -> 0.47433255
A6: Lãi TB tháng thường (bỏ Tết) | B6: ='Dữ liệu tháng'!S22 -> 24672494 | D6: ='Dữ liệu tháng'!A4 -> T9/2025 | E6: =IF('Dữ liệu tháng'!C4="",0,'Dữ liệu tháng'!S4) -> 19789709 | F6: =IF('Dữ liệu tháng'!C4="",0,'Dữ liệu tháng'!T4) -> 0.1353544 | G6: =IF('Dữ liệu tháng'!C4="",0,'Dữ liệu tháng'!U4) -> 0.52171681
A7: DT chính TB tháng thường | B7: ='Dữ liệu tháng'!C22 -> 1.4892914e+08 | D7: ='Dữ liệu tháng'!A5 -> T10/2025 | E7: =IF('Dữ liệu tháng'!C5="",0,'Dữ liệu tháng'!S5) -> 20955731 | F7: =IF('Dữ liệu tháng'!C5="",0,'Dữ liệu tháng'!T5) -> 0.13024414 | G7: =IF('Dữ liệu tháng'!C5="",0,'Dữ liệu tháng'!U5) -> 0.50217665
A8: Biên lãi bình quân | B8: ='Dữ liệu tháng'!T21 -> 0.17418574 | D8: ='Dữ liệu tháng'!A6 -> T11/2025 | E8: =IF('Dữ liệu tháng'!C6="",0,'Dữ liệu tháng'!S6) -> 39593747 | F8: =IF('Dữ liệu tháng'!C6="",0,'Dữ liệu tháng'!T6) -> 0.22293875 | G8: =IF('Dữ liệu tháng'!C6="",0,'Dữ liệu tháng'!U6) -> 0.50203881
A9: % Nhân sự / DT chính bình quân | B9: ='Dữ liệu tháng'!U21 -> 0.52593406 | D9: ='Dữ liệu tháng'!A7 -> T12/2025 | E9: =IF('Dữ liệu tháng'!C7="",0,'Dữ liệu tháng'!S7) -> 32779676 | F9: =IF('Dữ liệu tháng'!C7="",0,'Dữ liệu tháng'!T7) -> 0.1951258 | G9: =IF('Dữ liệu tháng'!C7="",0,'Dữ liệu tháng'!U7) -> 0.52907401
A10: Tháng lãi cao nhất | B10: =INDEX('Dữ liệu tháng'!A2:A19,MATCH(MAX('Dữ liệu tháng'!S2:S19),'Dữ liệu tháng'!S2:S19,0)) -> T2/2026 | D10: ='Dữ liệu tháng'!A8 -> T1/2026 | E10: =IF('Dữ liệu tháng'!C8="",0,'Dữ liệu tháng'!S8) -> 20075525 | F10: =IF('Dữ liệu tháng'!C8="",0,'Dữ liệu tháng'!T8) -> 0.1271299 | G10: =IF('Dữ liệu tháng'!C8="",0,'Dữ liệu tháng'!U8) -> 0.57637302
A11: Tháng lãi thấp nhất | B11: =INDEX('Dữ liệu tháng'!A2:A19,MATCH(MIN('Dữ liệu tháng'!S2:S19),'Dữ liệu tháng'!S2:S19,0)) -> T7/2025 | D11: ='Dữ liệu tháng'!A9 -> T2/2026 | E11: =IF('Dữ liệu tháng'!C9="",0,'Dữ liệu tháng'!S9) -> 83939293 | F11: =IF('Dữ liệu tháng'!C9="",0,'Dữ liệu tháng'!T9) -> 0.31182152 | G11: =IF('Dữ liệu tháng'!C9="",0,'Dữ liệu tháng'!U9) -> 0.55079464
A12: Tổng chia Nhi | B12: ='Dữ liệu tháng'!Z21 -> 1.7174168e+08 | D12: ='Dữ liệu tháng'!A10 -> T3/2026 | E12: =IF('Dữ liệu tháng'!C10="",0,'Dữ liệu tháng'!S10) -> 27310539 | F12: =IF('Dữ liệu tháng'!C10="",0,'Dữ liệu tháng'!T10) -> 0.17673028 | G12: =IF('Dữ liệu tháng'!C10="",0,'Dữ liệu tháng'!U10) -> 0.54198764
A13: Tổng chia A Sang – Hào | B13: ='Dữ liệu tháng'!AA21 -> 1.2880626e+08 | D13: ='Dữ liệu tháng'!A11 -> T4/2026 | E13: =IF('Dữ liệu tháng'!C11="",0,'Dữ liệu tháng'!S11) -> 17790309 | F13: =IF('Dữ liệu tháng'!C11="",0,'Dữ liệu tháng'!T11) -> 0.11874099 | G13: =IF('Dữ liệu tháng'!C11="",0,'Dữ liệu tháng'!U11) -> 0.59620746
A14: Tổng Quỹ chung (cần đối chiếu, sheet gốc để trống) | B14: ='Dữ liệu tháng'!AB21 -> 1.2880626e+08 | D14: ='Dữ liệu tháng'!A12 -> T5/2026 | E14: =IF('Dữ liệu tháng'!C12="",0,'Dữ liệu tháng'!S12) -> 20758897 | F14: =IF('Dữ liệu tháng'!C12="",0,'Dữ liệu tháng'!T12) -> 0.13520021 | G14: =IF('Dữ liệu tháng'!C12="",0,'Dữ liệu tháng'!U12) -> 0.5236438
A15: Tổng chênh lệch so với sheet gốc | B15: ='Dữ liệu tháng'!AE21 -> -1 | D15: ='Dữ liệu tháng'!A13 -> T6/2026 | E15: =IF('Dữ liệu tháng'!C13="",0,'Dữ liệu tháng'!S13) -> 22273920 | F15: =IF('Dữ liệu tháng'!C13="",0,'Dữ liệu tháng'!T13) -> 0.14465364 | G15: =IF('Dữ liệu tháng'!C13="",0,'Dữ liệu tháng'!U13) -> 0.53604849
D16: ='Dữ liệu tháng'!A14 -> T7/2026 | E16: =IF('Dữ liệu tháng'!C14="",0,'Dữ liệu tháng'!S14) -> 28803299 | F16: =IF('Dữ liệu tháng'!C14="",0,'Dữ liệu tháng'!T14) -> 0.1846747 | G16: =IF('Dữ liệu tháng'!C14="",0,'Dữ liệu tháng'!U14) -> 0.52067312
D17: ='Dữ liệu tháng'!A15 -> T8/2026 | E17: =IF('Dữ liệu tháng'!C15="",0,'Dữ liệu tháng'!S15) -> 32579790 | F17: =IF('Dữ liệu tháng'!C15="",0,'Dữ liệu tháng'!T15) -> 0.19225273 | G17: =IF('Dữ liệu tháng'!C15="",0,'Dữ liệu tháng'!U15) -> 0.516134
A18: Việc cần kiểm tra trên sheet gốc | D18: ='Dữ liệu tháng'!A16 -> T9/2026 | E18: =IF('Dữ liệu tháng'!C16="",0,'Dữ liệu tháng'!S16) -> 19107831 | F18: =IF('Dữ liệu tháng'!C16="",0,'Dữ liệu tháng'!T16) -> 0.13078368 | G18: =IF('Dữ liệu tháng'!C16="",0,'Dữ liệu tháng'!U16) -> 0.50772657
A19: 1. Phiếu nước T9/2026 đang copy y nguyên T8 (cùng kỳ, cùng chỉ số, cùng tiền). | D19: ='Dữ liệu tháng'!A17 -> T10/2026 | E19: =IF('Dữ liệu tháng'!C17="",0,'Dữ liệu tháng'!S17) -> 0 | F19: =IF('Dữ liệu tháng'!C17="",0,'Dữ liệu tháng'!T17) -> 0 | G19: =IF('Dữ liệu tháng'!C17="",0,'Dữ liệu tháng'!U17) -> 0
A20: 2. Nước trong CHI T9 = 3.541.210 không khớp phiếu (3.950.937). | D20: ='Dữ liệu tháng'!A18 -> T11/2026 | E20: =IF('Dữ liệu tháng'!C18="",0,'Dữ liệu tháng'!S18) -> 0 | F20: =IF('Dữ liệu tháng'!C18="",0,'Dữ liệu tháng'!T18) -> 0 | G20: =IF('Dữ liệu tháng'!C18="",0,'Dữ liệu tháng'!U18) -> 0
A21: 3. Salon đang ghi cả hóa đơn nước; phần chủ nhà (T8/2026: 2,49 tr) có được hoàn/trừ tiền nhà không? | D21: ='Dữ liệu tháng'!A19 -> T12/2026 | E21: =IF('Dữ liệu tháng'!C19="",0,'Dữ liệu tháng'!S19) -> 0 | F21: =IF('Dữ liệu tháng'!C19="",0,'Dữ liệu tháng'!T19) -> 0 | G21: =IF('Dữ liệu tháng'!C19="",0,'Dữ liệu tháng'!U19) -> 0
A22: 4. T7/2026: MP ngoài 1.312.000 chưa cộng vào Thu khác.
A23: 5. TOPUP: T7/2026 trừ 10% VAT, T8–T9 trừ 8%, trước đó không trừ → thống nhất 1 cách.
A24: 6. Quỹ chung (30%) để trống từ T10/2025; dòng Thuế trống cả 15 tháng.
A25: 7. Ô tổng lợi nhuận trên sheet gốc mới cộng T7/2025–T6/2026, thiếu T7–T9/2026.
A26: 8. Vật tư T9/2026 = 10,2 tr, gấp đôi các tháng gần đây → xem có nhập dự trữ không.

Sheet Thiết lập
A1: THIẾT LẬP – SALON 671
A3: Tỷ lệ chia: Nhi | B3: 0.4 | C3: Theo sheet gốc
A4: Tỷ lệ chia: A Sang – Hào | B4: 0.3 | C4: Theo sheet gốc
A5: Tỷ lệ chia: Quỹ chung | B5: =1-B3-B4 -> 0.3 | C5: Tự tính = phần còn lại
A6: Ngưỡng cảnh báo biên lãi thấp | B6: 0.12 | C6: Biên lãi dưới mức này tô đỏ
A7: Ngưỡng cảnh báo chi nhân sự / DT chính | B7: 0.55 | C7: Trên mức này tô đỏ
A8: Ngưỡng cảnh báo điện nước / DT chính | B8: 0.1 | C8: Trên mức này tô cam
A9: Thuế ước tính (% DT chính) – để xem kịch bản | B9: 0.07 | C9: Ví dụ hộ KD dịch vụ: 5% GTGT + 2% TNCN. Chỉ dùng ở cột "Lãi nếu trừ thuế ước tính"
A12: Hướng dẫn
A13: • Ô nền vàng, chữ xanh = ô nhập tay. Ô chữ đen = công thức, không sửa.
A14: • Mỗi tháng nhập 1 dòng ở sheet "Dữ liệu tháng" (đã có sẵn dòng trống T10–T12/2026).
A15: • Cột "Lãi theo sheet gốc" để đối chiếu; cột "Chênh lệch" khác 0 nghĩa là sheet gốc cộng sai.
A16: • Số liệu T7/2025–T9/2026 lấy từ Google Sheet "TỔNG LỢI NHUẬN" (do chị cung cấp).

Sheet Dữ liệu tháng
A1: Tháng | B1: Loại tháng | C1: DT chính (TM + CK) | D1: Hoàn TOPUP | E1: Thu khác (MP ngoài, LED…) | F1: TỔNG THU | G1: CP Nhân sự | H1: CP Mặt bằng | I1: Rác/Internet/POS/Đá | J1: Vật tư / Giá nhập SP | K1: Điện, nước | L1: Marketing / Ưu đãi | M1: Hỗ trợ đi lại NS | N1: Vận hành 30S | O1: Sửa chữa bảo trì | P1: Chi khác | Q1: Thuế | R1: TỔNG CHI | S1: LÃI (EBITDA) | T1: Biên lãi | U1: % Nhân sự / DT chính | V1: % Mặt bằng / DT chính | W1: % Điện nước / DT chính | X1: % Vật tư / DT chính | Y1: DT chính hòa vốn | Z1: Nhi | AA1: A Sang – Hào | AB1: Quỹ chung | AC1: Lãi nếu trừ thuế ước tính | AD1: Lãi theo sheet gốc | AE1: Chênh lệch | AF1: Ghi chú / cần kiểm tra
A2: T7/2025 | B2: Thường | C2: 132280000 | D2: 3964820 | E2: 2310000 | F2: =IF($C2="","",C2+D2+E2) -> 138554820 | G2: 63196445 | H2: 28000000 | I2: 2730000 | J2: 12376909 | K2: 13466168 | L2: 0 | M2: 0 | N2: 330000 | O2: 3100000 | P2: 0 | R2: =IF($C2="","",SUM(G2:Q2)) -> 123199522 | S2: =IF($C2="","",F2-R2) -> 15355298 | T2: =IF($C2="","",IF(F2=0,0,S2/F2)) -> 0.11082471 | U2: =IF($C2="","",IF(C2=0,0,G2/C2)) -> 0.47774754 | V2: =IF($C2="","",IF(C2=0,0,H2/C2)) -> 0.21167221 | W2: =IF($C2="","",IF(C2=0,0,K2/C2)) -> 0.10180048 | X2: =IF($C2="","",IF(C2=0,0,J2/C2)) -> 0.093565989 | Y2: =IF($C2="","",(R2-J2-D2-E2)/(1-X2)) -> 1.1533966e+08 | Z2: =IF($C2="","",S2*'Thiết lập'!$B$3) -> 6142119.2 | AA2: =IF($C2="","",S2*'Thiết lập'!$B$4) -> 4606589.4 | AB2: =IF($C2="","",S2*'Thiết lập'!$B$5) -> 4606589.4 | AC2: =IF($C2="","",IF(Q2>0,S2,S2-C2*'Thiết lập'!$B$9)) -> 6095698 | AD2: 15355298 | AE2: =IF(OR($C2="",AD2=""),"",S2-AD2) -> 0 | AF2: Tháng đầu (5–31/7)
A3: T8/2025 | B3: Thường | C3: 155639229 | D3: 6016390 | E3: 1500000 | F3: =IF($C3="","",C3+D3+E3) -> 163155619 | G3: 73824753 | H3: 28000000 | I3: 0 | J3: 11359000 | K3: 16281223 | L3: 850000 | M3: 0 | N3: 4400000 | O3: 200000 | P3: 0 | R3: =IF($C3="","",SUM(G3:Q3)) -> 134914976 | S3: =IF($C3="","",F3-R3) -> 28240643 | T3: =IF($C3="","",IF(F3=0,0,S3/F3)) -> 0.17309023 | U3: =IF($C3="","",IF(C3=0,0,G3/C3)) -> 0.47433255 | V3: =IF($C3="","",IF(C3=0,0,H3/C3)) -> 0.17990323 | W3: =IF($C3="","",IF(C3=0,0,K3/C3)) -> 0.10460874 | X3: =IF($C3="","",IF(C3=0,0,J3/C3)) -> 0.072982885 | Y3: =IF($C3="","",(R3-J3-D3-E3)/(1-X3)) -> 1.2517524e+08 | Z3: =IF($C3="","",S3*'Thiết lập'!$B$3) -> 11296257 | AA3: =IF($C3="","",S3*'Thiết lập'!$B$4) -> 8472192.9 | AB3: =IF($C3="","",S3*'Thiết lập'!$B$5) -> 8472192.9 | AC3: =IF($C3="","",IF(Q3>0,S3,S3-C3*'Thiết lập'!$B$9)) -> 17345897 | AD3: 28240643 | AE3: =IF(OR($C3="",AD3=""),"",S3-AD3) -> 0
A4: T9/2025 | B4: Thường | C4: 141116000 | D4: 4016619 | E4: 1074000 | F4: =IF($C4="","",C4+D4+E4) -> 146206619 | G4: 73622590 | H4: 26500000 | I4: 0 | J4: 7455200 | K4: 13465787 | L4: 0 | M4: 0 | N4: 5373333 | O4: 0 | P4: 0 | R4: =IF($C4="","",SUM(G4:Q4)) -> 126416910 | S4: =IF($C4="","",F4-R4) -> 19789709 | T4: =IF($C4="","",IF(F4=0,0,S4/F4)) -> 0.1353544 | U4: =IF($C4="","",IF(C4=0,0,G4/C4)) -> 0.52171681 | V4: =IF($C4="","",IF(C4=0,0,H4/C4)) -> 0.18778877 | W4: =IF($C4="","",IF(C4=0,0,K4/C4)) -> 0.095423531 | X4: =IF($C4="","",IF(C4=0,0,J4/C4)) -> 0.052830296 | Y4: =IF($C4="","",(R4-J4-D4-E4)/(1-X4)) -> 1.2022248e+08 | Z4: =IF($C4="","",S4*'Thiết lập'!$B$3) -> 7915883.6 | AA4: =IF($C4="","",S4*'Thiết lập'!$B$4) -> 5936912.7 | AB4: =IF($C4="","",S4*'Thiết lập'!$B$5) -> 5936912.7 | AC4: =IF($C4="","",IF(Q4>0,S4,S4-C4*'Thiết lập'!$B$9)) -> 9911589 | AD4: 19789709 | AE4: =IF(OR($C4="",AD4=""),"",S4-AD4) -> 0
A5: T10/2025 | B5: Thường | C5: 152665763 | D5: 6335000 | E5: 1895000 | F5: =IF($C5="","",C5+D5+E5) -> 160895763 | G5: 76665182 | H5: 26508000 | I5: 1709000 | J5: 12579210 | K5: 14032640 | L5: 0 | M5: 1646000 | N5: 6200000 | O5: 600000 | P5: 0 | R5: =IF($C5="","",SUM(G5:Q5)) -> 139940032 | S5: =IF($C5="","",F5-R5) -> 20955731 | T5: =IF($C5="","",IF(F5=0,0,S5/F5)) -> 0.13024414 | U5: =IF($C5="","",IF(C5=0,0,G5/C5)) -> 0.50217665 | V5: =IF($C5="","",IF(C5=0,0,H5/C5)) -> 0.17363422 | W5: =IF($C5="","",IF(C5=0,0,K5/C5)) -> 0.0919174 | X5: =IF($C5="","",IF(C5=0,0,J5/C5)) -> 0.08239706 | Y5: =IF($C5="","",(R5-J5-D5-E5)/(1-X5)) -> 1.2982829e+08 | Z5: =IF($C5="","",S5*'Thiết lập'!$B$3) -> 8382292.4 | AA5: =IF($C5="","",S5*'Thiết lập'!$B$4) -> 6286719.3 | AB5: =IF($C5="","",S5*'Thiết lập'!$B$5) -> 6286719.3 | AC5: =IF($C5="","",IF(Q5>0,S5,S5-C5*'Thiết lập'!$B$9)) -> 10269128 | AD5: 20955731 | AE5: =IF(OR($C5="",AD5=""),"",S5-AD5) -> 0
A6: T11/2025 | B6: Thường | C6: 165143550 | D6: 6451663 | E6: 6004000 | F6: =IF($C6="","",C6+D6+E6) -> 177599213 | G6: 82908472 | H6: 26173000 | I6: 0 | J6: 7309000 | K6: 14218994 | L6: 0 | M6: 1196000 | N6: 6200000 | O6: 0 | P6: 0 | R6: =IF($C6="","",SUM(G6:Q6)) -> 138005466 | S6: =IF($C6="","",F6-R6) -> 39593747 | T6: =IF($C6="","",IF(F6=0,0,S6/F6)) -> 0.22293875 | U6: =IF($C6="","",IF(C6=0,0,G6/C6)) -> 0.50203881 | V6: =IF($C6="","",IF(C6=0,0,H6/C6)) -> 0.15848636 | W6: =IF($C6="","",IF(C6=0,0,K6/C6)) -> 0.086100814 | X6: =IF($C6="","",IF(C6=0,0,J6/C6)) -> 0.044258465 | Y6: =IF($C6="","",(R6-J6-D6-E6)/(1-X6)) -> 1.237163e+08 | Z6: =IF($C6="","",S6*'Thiết lập'!$B$3) -> 15837499 | AA6: =IF($C6="","",S6*'Thiết lập'!$B$4) -> 11878124 | AB6: =IF($C6="","",S6*'Thiết lập'!$B$5) -> 11878124 | AC6: =IF($C6="","",IF(Q6>0,S6,S6-C6*'Thiết lập'!$B$9)) -> 28033698 | AD6: 39593747 | AE6: =IF(OR($C6="",AD6=""),"",S6-AD6) -> 0
A7: T12/2025 | B7: Thường | C7: 154475000 | D7: 6478526 | E7: 7039000 | F7: =IF($C7="","",C7+D7+E7) -> 167992526 | G7: 81728708 | H7: 23406000 | I7: 0 | J7: 6931000 | K7: 13947142 | L7: 0 | M7: 0 | N7: 6200000 | O7: 0 | P7: 3000000 | R7: =IF($C7="","",SUM(G7:Q7)) -> 135212850 | S7: =IF($C7="","",F7-R7) -> 32779676 | T7: =IF($C7="","",IF(F7=0,0,S7/F7)) -> 0.1951258 | U7: =IF($C7="","",IF(C7=0,0,G7/C7)) -> 0.52907401 | V7: =IF($C7="","",IF(C7=0,0,H7/C7)) -> 0.15151966 | W7: =IF($C7="","",IF(C7=0,0,K7/C7)) -> 0.090287373 | X7: =IF($C7="","",IF(C7=0,0,J7/C7)) -> 0.044868102 | Y7: =IF($C7="","",(R7-J7-D7-E7)/(1-X7)) -> 1.2015547e+08 | Z7: =IF($C7="","",S7*'Thiết lập'!$B$3) -> 13111870 | AA7: =IF($C7="","",S7*'Thiết lập'!$B$4) -> 9833902.8 | AB7: =IF($C7="","",S7*'Thiết lập'!$B$5) -> 9833902.8 | AC7: =IF($C7="","",IF(Q7>0,S7,S7-C7*'Thiết lập'!$B$9)) -> 21966426 | AD7: 32779676 | AE7: =IF(OR($C7="",AD7=""),"",S7-AD7) -> 0 | AF7: Chi khác = tất niên 3 tr
A8: T1/2026 | B8: Thường | C8: 149488483 | D8: 4707000 | E8: 3718000 | F8: =IF($C8="","",C8+D8+E8) -> 157913483 | G8: 86161129 | H8: 23566000 | I8: 790000 | J8: 5826000 | K8: 14244829 | L8: 0 | M8: 0 | N8: 6200000 | O8: 1050000 | P8: 0 | R8: =IF($C8="","",SUM(G8:Q8)) -> 137837958 | S8: =IF($C8="","",F8-R8) -> 20075525 | T8: =IF($C8="","",IF(F8=0,0,S8/F8)) -> 0.1271299 | U8: =IF($C8="","",IF(C8=0,0,G8/C8)) -> 0.57637302 | V8: =IF($C8="","",IF(C8=0,0,H8/C8)) -> 0.15764425 | W8: =IF($C8="","",IF(C8=0,0,K8/C8)) -> 0.095290478 | X8: =IF($C8="","",IF(C8=0,0,J8/C8)) -> 0.038972902 | Y8: =IF($C8="","",(R8-J8-D8-E8)/(1-X8)) -> 1.2859883e+08 | Z8: =IF($C8="","",S8*'Thiết lập'!$B$3) -> 8030210 | AA8: =IF($C8="","",S8*'Thiết lập'!$B$4) -> 6022657.5 | AB8: =IF($C8="","",S8*'Thiết lập'!$B$5) -> 6022657.5 | AC8: =IF($C8="","",IF(Q8>0,S8,S8-C8*'Thiết lập'!$B$9)) -> 9611331.2 | AD8: 20075525 | AE8: =IF(OR($C8="",AD8=""),"",S8-AD8) -> 0 | AF8: NS gồm thưởng thâm niên 6 tr
A9: T2/2026 | B9: Tết | C9: 249143000 | D9: 5048188 | E9: 14999000 | F9: =IF($C9="","",C9+D9+E9) -> 269190188 | G9: 137226629 | H9: 23566000 | I9: 0 | J9: 5061000 | K9: 13197266 | L9: 0 | M9: 0 | N9: 6200000 | O9: 0 | P9: 0 | R9: =IF($C9="","",SUM(G9:Q9)) -> 185250895 | S9: =IF($C9="","",F9-R9) -> 83939293 | T9: =IF($C9="","",IF(F9=0,0,S9/F9)) -> 0.31182152 | U9: =IF($C9="","",IF(C9=0,0,G9/C9)) -> 0.55079464 | V9: =IF($C9="","",IF(C9=0,0,H9/C9)) -> 0.094588249 | W9: =IF($C9="","",IF(C9=0,0,K9/C9)) -> 0.052970647 | X9: =IF($C9="","",IF(C9=0,0,J9/C9)) -> 0.020313635 | Y9: =IF($C9="","",(R9-J9-D9-E9)/(1-X9)) -> 1.6346324e+08 | Z9: =IF($C9="","",S9*'Thiết lập'!$B$3) -> 33575717 | AA9: =IF($C9="","",S9*'Thiết lập'!$B$4) -> 25181788 | AB9: =IF($C9="","",S9*'Thiết lập'!$B$5) -> 25181788 | AC9: =IF($C9="","",IF(Q9>0,S9,S9-C9*'Thiết lập'!$B$9)) -> 66499283 | AD9: 83939293 | AE9: =IF(OR($C9="",AD9=""),"",S9-AD9) -> 0 | AF9: Tháng Tết; thu khác gồm màn hình LED 8 tr (T7–T2)
A10: T3/2026 | B10: Thường | C10: 144376277 | D10: 4450040 | E10: 5706000 | F10: =IF($C10="","",C10+D10+E10) -> 154532317 | G10: 78250158 | H10: 23010000 | I10: 1140000 | J10: 3572850 | K10: 15048770 | L10: 0 | M10: 0 | N10: 6200000 | O10: 0 | P10: 0 | R10: =IF($C10="","",SUM(G10:Q10)) -> 127221778 | S10: =IF($C10="","",F10-R10) -> 27310539 | T10: =IF($C10="","",IF(F10=0,0,S10/F10)) -> 0.17673028 | U10: =IF($C10="","",IF(C10=0,0,G10/C10)) -> 0.54198764 | V10: =IF($C10="","",IF(C10=0,0,H10/C10)) -> 0.15937521 | W10: =IF($C10="","",IF(C10=0,0,K10/C10)) -> 0.10423298 | X10: =IF($C10="","",IF(C10=0,0,J10/C10)) -> 0.024746794 | Y10: =IF($C10="","",(R10-J10-D10-E10)/(1-X10)) -> 1.1637274e+08 | Z10: =IF($C10="","",S10*'Thiết lập'!$B$3) -> 10924216 | AA10: =IF($C10="","",S10*'Thiết lập'!$B$4) -> 8193161.7 | AB10: =IF($C10="","",S10*'Thiết lập'!$B$5) -> 8193161.7 | AC10: =IF($C10="","",IF(Q10>0,S10,S10-C10*'Thiết lập'!$B$9)) -> 17204200 | AD10: 27310539 | AE10: =IF(OR($C10="",AD10=""),"",S10-AD10) -> 0
A11: T4/2026 | B11: Thường | C11: 141028000 | D11: 4130497 | E11: 4666000 | F11: =IF($C11="","",C11+D11+E11) -> 149824497 | G11: 84081946 | H11: 23566000 | I11: 130000 | J11: 3896000 | K11: 13857242 | L11: 0 | M11: 303000 | N11: 6200000 | O11: 0 | P11: 0 | R11: =IF($C11="","",SUM(G11:Q11)) -> 132034188 | S11: =IF($C11="","",F11-R11) -> 17790309 | T11: =IF($C11="","",IF(F11=0,0,S11/F11)) -> 0.11874099 | U11: =IF($C11="","",IF(C11=0,0,G11/C11)) -> 0.59620746 | V11: =IF($C11="","",IF(C11=0,0,H11/C11)) -> 0.16710157 | W11: =IF($C11="","",IF(C11=0,0,K11/C11)) -> 0.0982588 | X11: =IF($C11="","",IF(C11=0,0,J11/C11)) -> 0.02762572 | Y11: =IF($C11="","",(R11-J11-D11-E11)/(1-X11)) -> 1.2273226e+08 | Z11: =IF($C11="","",S11*'Thiết lập'!$B$3) -> 7116123.6 | AA11: =IF($C11="","",S11*'Thiết lập'!$B$4) -> 5337092.7 | AB11: =IF($C11="","",S11*'Thiết lập'!$B$5) -> 5337092.7 | AC11: =IF($C11="","",IF(Q11>0,S11,S11-C11*'Thiết lập'!$B$9)) -> 7918349 | AD11: 17790309 | AE11: =IF(OR($C11="",AD11=""),"",S11-AD11) -> 0
A12: T5/2026 | B12: Thường | C12: 143858561 | D12: 5052339 | E12: 4631000 | F12: =IF($C12="","",C12+D12+E12) -> 153541900 | G12: 75330643 | H12: 24093000 | I12: 130000 | J12: 10737554 | K12: 16291806 | L12: 0 | M12: 0 | N12: 6200000 | O12: 0 | P12: 0 | R12: =IF($C12="","",SUM(G12:Q12)) -> 132783003 | S12: =IF($C12="","",F12-R12) -> 20758897 | T12: =IF($C12="","",IF(F12=0,0,S12/F12)) -> 0.13520021 | U12: =IF($C12="","",IF(C12=0,0,G12/C12)) -> 0.5236438 | V12: =IF($C12="","",IF(C12=0,0,H12/C12)) -> 0.167477 | W12: =IF($C12="","",IF(C12=0,0,K12/C12)) -> 0.11324878 | X12: =IF($C12="","",IF(C12=0,0,J12/C12)) -> 0.074639659 | Y12: =IF($C12="","",(R12-J12-D12-E12)/(1-X12)) -> 1.2142525e+08 | Z12: =IF($C12="","",S12*'Thiết lập'!$B$3) -> 8303558.8 | AA12: =IF($C12="","",S12*'Thiết lập'!$B$4) -> 6227669.1 | AB12: =IF($C12="","",S12*'Thiết lập'!$B$5) -> 6227669.1 | AC12: =IF($C12="","",IF(Q12>0,S12,S12-C12*'Thiết lập'!$B$9)) -> 10688798 | AD12: 20758897 | AE12: =IF(OR($C12="",AD12=""),"",S12-AD12) -> 0
A13: T6/2026 | B13: Thường | C13: 145698349 | D13: 4816701 | E13: 3466000 | F13: =IF($C13="","",C13+D13+E13) -> 153981050 | G13: 78101380 | H13: 23098000 | I13: 460000 | J13: 8759000 | K13: 15088750 | L13: 0 | M13: 0 | N13: 6200000 | O13: 0 | P13: 0 | R13: =IF($C13="","",SUM(G13:Q13)) -> 131707130 | S13: =IF($C13="","",F13-R13) -> 22273920 | T13: =IF($C13="","",IF(F13=0,0,S13/F13)) -> 0.14465364 | U13: =IF($C13="","",IF(C13=0,0,G13/C13)) -> 0.53604849 | V13: =IF($C13="","",IF(C13=0,0,H13/C13)) -> 0.15853302 | W13: =IF($C13="","",IF(C13=0,0,K13/C13)) -> 0.10356157 | X13: =IF($C13="","",IF(C13=0,0,J13/C13)) -> 0.060117359 | Y13: =IF($C13="","",(R13-J13-D13-E13)/(1-X13)) -> 1.2199973e+08 | Z13: =IF($C13="","",S13*'Thiết lập'!$B$3) -> 8909568 | AA13: =IF($C13="","",S13*'Thiết lập'!$B$4) -> 6682176 | AB13: =IF($C13="","",S13*'Thiết lập'!$B$5) -> 6682176 | AC13: =IF($C13="","",IF(Q13>0,S13,S13-C13*'Thiết lập'!$B$9)) -> 12075036 | AD13: 22273920 | AE13: =IF(OR($C13="",AD13=""),"",S13-AD13) -> 0
A14: T7/2026 | B14: Thường | C14: 151043493 | D14: 3924269 | E14: 1000000 | F14: =IF($C14="","",C14+D14+E14) -> 155967762 | G14: 78644287 | H14: 23186000 | I14: 0 | J14: 4883000 | K14: 14251176 | L14: 0 | M14: 0 | N14: 6200000 | O14: 0 | P14: 0 | R14: =IF($C14="","",SUM(G14:Q14)) -> 127164463 | S14: =IF($C14="","",F14-R14) -> 28803299 | T14: =IF($C14="","",IF(F14=0,0,S14/F14)) -> 0.1846747 | U14: =IF($C14="","",IF(C14=0,0,G14/C14)) -> 0.52067312 | V14: =IF($C14="","",IF(C14=0,0,H14/C14)) -> 0.15350545 | W14: =IF($C14="","",IF(C14=0,0,K14/C14)) -> 0.094351473 | X14: =IF($C14="","",IF(C14=0,0,J14/C14)) -> 0.032328437 | Y14: =IF($C14="","",(R14-J14-D14-E14)/(1-X14)) -> 1.2127792e+08 | Z14: =IF($C14="","",S14*'Thiết lập'!$B$3) -> 11521320 | AA14: =IF($C14="","",S14*'Thiết lập'!$B$4) -> 8640989.7 | AB14: =IF($C14="","",S14*'Thiết lập'!$B$5) -> 8640989.7 | AC14: =IF($C14="","",IF(Q14>0,S14,S14-C14*'Thiết lập'!$B$9)) -> 18230254 | AD14: 28803299 | AE14: =IF(OR($C14="",AD14=""),"",S14-AD14) -> 0 | AF14: KIỂM TRA: MP ngoài 1.312.000 có trong bảng chi tiết nhưng chưa cộng vào Thu khác. TOPUP trừ 10% VAT
A15: T8/2026 | B15: Thường | C15: 165122434 | D15: 2971910 | E15: 1369000 | F15: =IF($C15="","",C15+D15+E15) -> 169463344 | G15: 85225303 | H15: 23888000 | I15: 500000 | J15: 3972500 | K15: 15697751 | L15: 0 | M15: 0 | N15: 6200000 | O15: 1400000 | P15: 0 | R15: =IF($C15="","",SUM(G15:Q15)) -> 136883554 | S15: =IF($C15="","",F15-R15) -> 32579790 | T15: =IF($C15="","",IF(F15=0,0,S15/F15)) -> 0.19225273 | U15: =IF($C15="","",IF(C15=0,0,G15/C15)) -> 0.516134 | V15: =IF($C15="","",IF(C15=0,0,H15/C15)) -> 0.14466841 | W15: =IF($C15="","",IF(C15=0,0,K15/C15)) -> 0.095067343 | X15: =IF($C15="","",IF(C15=0,0,J15/C15)) -> 0.024057906 | Y15: =IF($C15="","",(R15-J15-D15-E15)/(1-X15)) -> 1.3173952e+08 | Z15: =IF($C15="","",S15*'Thiết lập'!$B$3) -> 13031916 | AA15: =IF($C15="","",S15*'Thiết lập'!$B$4) -> 9773937 | AB15: =IF($C15="","",S15*'Thiết lập'!$B$5) -> 9773937 | AC15: =IF($C15="","",IF(Q15>0,S15,S15-C15*'Thiết lập'!$B$9)) -> 21021220 | AD15: 32579791 | AE15: =IF(OR($C15="",AD15=""),"",S15-AD15) -> -1 | AF15: KIỂM TRA: tiền nước ghi cả hóa đơn 3,95 tr, phần 671 theo đồng hồ chỉ 1,46 tr (chủ nhà 63%)
A16: T9/2026 | B16: Thường | C16: 143072787 | D16: 2029780 | E16: 1000000 | F16: =IF($C16="","",C16+D16+E16) -> 146102567 | G16: 72641856 | H16: 22512373 | I16: 470000 | J16: 10190612 | K16: 14286562 | L16: 0 | M16: 0 | N16: 6893333 | O16: 0 | P16: 0 | R16: =IF($C16="","",SUM(G16:Q16)) -> 126994736 | S16: =IF($C16="","",F16-R16) -> 19107831 | T16: =IF($C16="","",IF(F16=0,0,S16/F16)) -> 0.13078368 | U16: =IF($C16="","",IF(C16=0,0,G16/C16)) -> 0.50772657 | V16: =IF($C16="","",IF(C16=0,0,H16/C16)) -> 0.15734909 | W16: =IF($C16="","",IF(C16=0,0,K16/C16)) -> 0.099855202 | X16: =IF($C16="","",IF(C16=0,0,J16/C16)) -> 0.071226767 | Y16: =IF($C16="","",(R16-J16-D16-E16)/(1-X16)) -> 1.2249959e+08 | Z16: =IF($C16="","",S16*'Thiết lập'!$B$3) -> 7643132.4 | AA16: =IF($C16="","",S16*'Thiết lập'!$B$4) -> 5732349.3 | AB16: =IF($C16="","",S16*'Thiết lập'!$B$5) -> 5732349.3 | AC16: =IF($C16="","",IF(Q16>0,S16,S16-C16*'Thiết lập'!$B$9)) -> 9092735.9 | AD16: 19107831 | AE16: =IF(OR($C16="",AD16=""),"",S16-AD16) -> 0 | AF16: KIỂM TRA: phiếu nước T9 đang copy T8; nước trong CHI 3.541.210 không khớp phiếu. Vật tư 10,2 tr cao bất thường
A17: T10/2026 | B17: Thường | F17: =IF($C17="","",C17+D17+E17) | R17: =IF($C17="","",SUM(G17:Q17)) | S17: =IF($C17="","",F17-R17) | T17: =IF($C17="","",IF(F17=0,0,S17/F17)) | U17: =IF($C17="","",IF(C17=0,0,G17/C17)) | V17: =IF($C17="","",IF(C17=0,0,H17/C17)) | W17: =IF($C17="","",IF(C17=0,0,K17/C17)) | X17: =IF($C17="","",IF(C17=0,0,J17/C17)) | Y17: =IF($C17="","",(R17-J17-D17-E17)/(1-X17)) | Z17: =IF($C17="","",S17*'Thiết lập'!$B$3) | AA17: =IF($C17="","",S17*'Thiết lập'!$B$4) | AB17: =IF($C17="","",S17*'Thiết lập'!$B$5) | AC17: =IF($C17="","",IF(Q17>0,S17,S17-C17*'Thiết lập'!$B$9)) | AE17: =IF(OR($C17="",AD17=""),"",S17-AD17)
A18: T11/2026 | B18: Thường | F18: =IF($C18="","",C18+D18+E18) | R18: =IF($C18="","",SUM(G18:Q18)) | S18: =IF($C18="","",F18-R18) | T18: =IF($C18="","",IF(F18=0,0,S18/F18)) | U18: =IF($C18="","",IF(C18=0,0,G18/C18)) | V18: =IF($C18="","",IF(C18=0,0,H18/C18)) | W18: =IF($C18="","",IF(C18=0,0,K18/C18)) | X18: =IF($C18="","",IF(C18=0,0,J18/C18)) | Y18: =IF($C18="","",(R18-J18-D18-E18)/(1-X18)) | Z18: =IF($C18="","",S18*'Thiết lập'!$B$3) | AA18: =IF($C18="","",S18*'Thiết lập'!$B$4) | AB18: =IF($C18="","",S18*'Thiết lập'!$B$5) | AC18: =IF($C18="","",IF(Q18>0,S18,S18-C18*'Thiết lập'!$B$9)) | AE18: =IF(OR($C18="",AD18=""),"",S18-AD18)
A19: T12/2026 | B19: Thường | F19: =IF($C19="","",C19+D19+E19) | R19: =IF($C19="","",SUM(G19:Q19)) | S19: =IF($C19="","",F19-R19) | T19: =IF($C19="","",IF(F19=0,0,S19/F19)) | U19: =IF($C19="","",IF(C19=0,0,G19/C19)) | V19: =IF($C19="","",IF(C19=0,0,H19/C19)) | W19: =IF($C19="","",IF(C19=0,0,K19/C19)) | X19: =IF($C19="","",IF(C19=0,0,J19/C19)) | Y19: =IF($C19="","",(R19-J19-D19-E19)/(1-X19)) | Z19: =IF($C19="","",S19*'Thiết lập'!$B$3) | AA19: =IF($C19="","",S19*'Thiết lập'!$B$4) | AB19: =IF($C19="","",S19*'Thiết lập'!$B$5) | AC19: =IF($C19="","",IF(Q19>0,S19,S19-C19*'Thiết lập'!$B$9)) | AE19: =IF(OR($C19="",AD19=""),"",S19-AD19)
A21: TỔNG CỘNG | C21: =SUM(C2:C19) -> 2334150926 | D21: =SUM(D2:D19) -> 70393742 | E21: =SUM(E2:E19) -> 60377000 | F21: =SUM(F2:F19) -> 2464921668 | G21: =SUM(G2:G19) -> 1227609481 | H21: =SUM(H2:H19) -> 369072373 | I21: =SUM(I2:I19) -> 8059000 | J21: =SUM(J2:J19) -> 114908835 | ... S21: =SUM(S2:S19) -> 429354207 | T21: =IF(F21=0,0,S21/F21) -> 0.17418574 | U21: =IF(C21=0,0,G21/C21) -> 0.52593406 | V21: =IF(C21=0,0,H21/C21) -> 0.15811847 | W21: =IF(C21=0,0,K21/C21) -> 0.093128556 | X21: =IF(C21=0,0,J21/C21) -> 0.049229394 | Z21: =SUM(Z2:Z19) -> 1.7174168e+08 | AA21: =SUM(AA2:AA19) -> 1.2880626e+08 | AB21: =SUM(AB2:AB19) -> 1.2880626e+08 | AC21: =SUM(AC2:AC19) -> 2.6596364e+08 | AD21: =SUM(AD2:AD19) -> 429354208 | AE21: =SUM(AE2:AE19) -> -1
A22: TRUNG BÌNH tháng thường | B22: (bỏ tháng Tết) | C22: =IFERROR(AVERAGEIFS(C2:C19,$B$2:$B$19,"Thường",$C$2:$C$19,"<>"),0) -> 1.4892914e+08 | D22: =IFERROR(AVERAGEIFS(D2:D19,$B$2:$B$19,"Thường",$C$2:$C$19,"<>"),0) -> 4667539.6 | E22: =IFERROR(AVERAGEIFS(E2:E19,$B$2:$B$19,"Thường",$C$2:$C$19,"<>"),0) -> 3241285.7 | F22: =IFERROR(AVERAGEIFS(F2:F19,$B$2:$B$19,"Thường",$C$2:$C$19,"<>"),0) -> 1.5683796e+08 | G22: =IFERROR(AVERAGEIFS(G2:G19,$B$2:$B$19,"Thường",$C$2:$C$19,"<>"),0) -> 77884489 | H22: =IFERROR(AVERAGEIFS(H2:H19,$B$2:$B$19,"Thường",$C$2:$C$19,"<>"),0) -> 24679027 | I22: =IFERROR(AVERAGEIFS(I2:I19,$B$2:$B$19,"Thường",$C$2:$C$19,"<>"),0) -> 575642.86 | J22: =IFERROR(AVERAGEIFS(J2:J19,$B$2:$B$19,"Thường",$C$2:$C$19,"<>"),0) -> 7846273.9 | ... S22: =IFERROR(AVERAGEIFS(S2:S19,$B$2:$B$19,"Thường",$C$2:$C$19,"<>"),0) -> 24672494 | T22: =IF(F22=0,0,S22/F22) -> 0.157312 | U22: =IF(C22=0,0,G22/C22) -> 0.52296341 | V22: =IF(C22=0,0,H22/C22) -> 0.16570986 | W22: =IF(C22=0,0,K22/C22) -> 0.097927129 | X22: =IF(C22=0,0,J22/C22) -> 0.052684613 | Z22: =IFERROR(AVERAGEIFS(Z2:Z19,$B$2:$B$19,"Thường",$C$2:$C$19,"<>"),0) -> 9868997.5 | AA22: =IFERROR(AVERAGEIFS(AA2:AA19,$B$2:$B$19,"Thường",$C$2:$C$19,"<>"),0) -> 7401748.2 | AB22: =IFERROR(AVERAGEIFS(AB2:AB19,$B$2:$B$19,"Thường",$C$2:$C$19,"<>"),0) -> 7401748.2 | AC22: =IFERROR(AVERAGEIFS(AC2:AC19,$B$2:$B$19,"Thường",$C$2:$C$19,"<>"),0) -> 14247454
